,Cycle,A1,A2,A3,A4,A5,A6,A7,A8,A9,A10,A11,A12,B1,B2,B3,B4,B5,B6,B7,B8,B9,B10,B11,B12,C1,C2,C3,C4,C5,C6,C7,C8,C9,C10,C11,C12,D1,D2,D3,D4,D5,D6,D7,D8,D9,D10,D11,D12,E1,E2,E3,E4,E5,E6,E7,E8,E9,E10,E11,E12,F1,F2,F3,F4,F5,F6,F7,F8,F9,F10,G1,G2,G3,G4,G5,G6,G7,G8,G9,G10,G11,G12,H1,H2,H3,H4,H5,H6,H7,H8,H9,H10,H11,H12
,1,-73.8351934251623,16.3075085086948,-4.41581466475145,0.731956987929152,-12.7997240317636,-9.76845675518052,-22.3484522163599,1.16552042349394,-29.041861669124,7.41792297490792,10.7078240804021,-101.401192376012,-18.0347903685451,-34.5022518482474,-54.8689382597095,-44.7587624663956,-2.32834901224851,-17.3067915174779,-14.9903729352445,-18.5307725494258,-39.7881688359321,11.6808578337332,4.89238667788595,-41.3210670782591,-51.2226044242725,-33.5092778297421,10.957685684145,-27.54539760445,3.98036301330285,-22.533846169943,-7.63461320022907,-6.32838918961716,27.0287177640876,-11.8393631601775,-9.74739733880051,4.21068984669182,-14.5981661992955,-53.3327884190876,-21.7379003378064,22.3244515650076,-26.8512601781713,3.9068197594388,-26.8330196230127,-47.6912002613444,-21.9211367479602,18.6598447347587,24.0607697918967,-15.0815481131594,-35.8646266309333,-22.4128658620339,-4.04092731458331,-3.8562145618107,24.4850075320519,31.9532894525819,-6.83393838294614,51.4748921018454,-20.4174882370935,6.81875070394017,4.06522801860774,5.54706248334696,-42.5397309478631,-23.1223585622611,-9.0855117927058,-0.690149978299814,-11.2265414848971,33.2184499753057,17.0207931260047,9.14190623247487,24.5999937859724,47.3390415257545,-16.1496296088553,-5.29778186453768,5.23908809036402,5.12965055118366,5.09238206973714,-3.77944031742663,29.6664876541818,-7.44083955463066,30.4560609998443,30.3746149606068,34.0533785176322,56.4140210551213,3.15927195355653,-0.51365039189659,-0.0323355158579943,-12.6468249789632,-13.5708286929439,-22.489591039468,5.02232376271968,-43.5137048599354,12.6589873877256,1.35643940738009,51.1351352411784,-32.5685791322085
,2,-31.6763031786641,7.42634236354206,-12.3696507397308,2.56366940479347,-5.05321702664151,-5.97373556005914,-23.1431321596938,-14.2171212259746,-12.0896827558427,7.92361880347016,15.6597627561423,-22.1312519728526,0.265081951341926,6.0317504078921,-7.65798371523306,-7.2604435731173,9.8531125538284,-0.296657380347824,-13.4394215095053,1.85324681416023,-22.413926652891,4.19720104964836,6.20883791270899,-2.21506362815489,-24.8416896453055,4.80515780955284,14.6016900745162,8.01604958185089,11.7965936477631,7.31138173998079,2.05757628968422,8.47357150686184,24.3312963323424,-1.84556898643132,11.8595500784431,5.70679166777882,1.44376476018806,-6.97261566455018,10.6609503105628,32.4290660477,5.77367461046197,20.5912011872624,-6.26262944641167,-3.93478092825535,20.3561818125399,16.1741367196119,23.7725749011515,11.3741674063276,-18.1268023960856,19.54462013382,18.5129389186859,14.4977474673342,26.7085056019168,30.557898772111,2.96519764426557,30.5866029383869,7.85145616432965,-20.5955726627453,16.5725510446919,23.2419113674914,-20.3681251072885,11.5132917781229,10.8224135713263,19.014100774777,16.0402864097323,40.2392782408278,10.6309681917628,17.1734717299587,13.1197743637385,43.3945522301547,-3.01397885629194,14.4457126439174,13.2069770050257,13.3367751192618,20.4619816754057,10.6602328418685,19.491672788221,12.5617745258933,27.7892737195107,35.6719134016821,41.351856209234,57.200890818116,6.6868082996898,11.0530046463009,9.32608040018022,8.87668198680512,14.8044250271687,-3.77841829385397,9.46572976229982,-15.3998471603245,8.72950971491264,14.4589632996995,46.9793170023495,11.2301778776382
,3,-12.8594462896781,5.08376525702624,0.0965096514864854,-0.452765991709384,-1.24165698354045,-3.99380862034923,-2.87333997522364,1.98636766699929,-4.46914245814696,9.93777739799589,16.0385257091548,2.57694606292353,5.90644602095017,7.80282049878042,12.6773805337561,3.14027398035068,11.9265154036148,9.29986215857389,-2.29792610036566,4.93051787809418,-8.76484668931153,12.768131350289,4.17054719344378,7.4434940769479,-5.46896522691713,9.4647033360252,17.4588575338184,14.4355867620525,10.8041236554964,14.955120573688,9.88606849562348,10.9583390624357,22.0425636029413,9.17566546042326,12.3166324223421,10.4146417812881,15.2645962379556,3.81225296541925,14.8815112374905,26.989230629908,16.4343599940912,18.3386870848371,7.12302109920529,9.3675971794255,18.8958400368792,15.3703464585706,20.8235794478405,14.6708652915422,-3.4845123731011,17.3455814863682,21.0797190466456,13.4275442060843,24.4439311546885,21.2405502074835,5.92999132896512,23.4454966729027,20.1043754798302,-38.1284359743458,9.45410799565252,13.9369422400177,-10.3904997630907,20.5651957246628,17.8357272814301,16.4965572566198,16.7750586535967,34.6019858167965,10.0384177168471,17.6734313797551,16.6824071141509,22.0894200113726,1.52468337624123,14.2707015465876,15.6402185482584,13.7050014596589,12.258850296148,17.2573014748014,22.004365414763,17.5327978310652,28.5728872382842,22.2226240163636,21.0456966271995,22.4459160132865,8.26216350405412,4.48088241420737,14.3017375710424,21.2988790065174,10.6334356268308,-4.6897303229689,6.41695941442049,-2.68906927515491,13.1411160353728,27.0857813574057,20.0437546318171,9.28578100660707
,4,-7.53138330440834,6.51965950650811,-1.5945841759185,0.217405149867773,0.828635495974595,3.7672615893789,-4.76428576860235,-1.01102555547186,-6.72182160183729,8.94266273644644,4.84580151321097,5.62383310593577,6.78813190171968,2.2672653243626,6.35222892106867,1.68886116249269,8.66928187453959,7.85335581139952,2.53928590586474,7.49636186384487,-3.54566585105022,10.7665995643438,0.0627747844555415,5.64592346934114,-10.4238439833553,5.0296994323744,4.5129630158699,2.63187403481425,7.08243506000144,7.88952824928674,1.4952780955573,0.905054899531024,9.73451799609211,4.95258910413941,19.0608251880949,8.55972982515959,8.99531727020258,7.12561602706774,10.1430032725621,12.167572602395,11.4354713305838,8.9722595500225,7.75714811260332,4.58006410427333,11.5759476225321,8.6504050771091,10.0958775064719,16.0298232482473,-2.33688367685863,12.358267939504,7.30194302080417,6.51786988162348,12.8571690743556,2.96905464034535,1.60180129823857,26.0795428936872,14.0107119441964,-21.3038817029719,6.4744178856381,0.932755956506298,-0.0247106232545775,5.64431144381342,7.13328260724484,9.27721521621243,8.64300907397046,21.7894859907155,8.46044029491532,7.8737507323749,7.53343141995356,10.5189675122674,-2.73512357427899,6.02028312245966,14.0567956255436,10.5206782218629,3.73395357419577,9.7013976926537,14.924771758142,13.5103732813914,15.8707632609221,12.0639253101908,12.3251562449532,22.0489689085134,6.45874486988032,2.53979124229591,13.0540229943454,16.6874646826454,5.74383874901469,-2.56737673862517,6.66552043798401,-3.05040496620677,6.54535282364304,10.2546971821175,10.2464940430073,5.80433514404103
,5,1.96310413069659,-1.23096736602929,-7.44517082818857,3.57030369902532,1.7471880286721,-8.17366531478729,-13.8957884457668,0.623904896687236,2.39611294407769,5.35150831819192,6.22439649345324,5.30192119231106,5.95783520107216,1.80280241480978,5.43841234829961,4.94393408241922,1.4465277332929,1.94362569262375,2.56486603532176,7.67191537344479,4.09978010357554,14.2923161108156,5.49074851881414,3.8861120378042,-3.70316355435716,0.938174274897392,6.44651967912068,11.3086294274381,0.70378248527777,2.84378792328243,1.87131718830096,13.6382270701633,7.11819917708272,-3.16059482151286,0.644446416865321,8.47676916117416,7.17712966911495,4.33219547832596,5.99212214203726,6.9427286263799,9.58712754435874,11.6849382215187,7.00701256081447,9.03908779652738,7.56954866710294,3.23330260664807,2.1189681103624,0.35509028026172,2.58363876718977,1.36449986526713,9.72088422633533,3.76960643018174,6.99517077932251,0.434537653327425,2.79249684345996,28.3369369360771,8.4264545796741,-7.95121861597363,2.94506921900029,5.74380691143779,0.582712418501615,2.98627369664609,7.98157253200225,10.4565212272719,3.68630910830871,8.98778153433705,-1.24693807845688,3.63001035523848,7.52363210181466,9.04167081687228,2.96498180131312,3.67196517213415,19.7821681158293,9.86044814334127,3.46671043377319,1.81559887836011,9.57640842366527,12.5106169426708,6.47482953394865,13.8124186994828,4.59439279049548,4.52019970284346,6.11967613084016,2.16434834238862,6.10625184573291,7.18547925667554,3.64165801545096,-2.46526629222353,4.5021665910408,-2.48393741928339,7.19664296799783,6.95703047901407,5.65244272919699,5.631424817062
,6,8.38265365617553,3.93028512246383,-1.26416849878115,-0.552545183129041,0.114009462722606,0.340890903346008,-2.22395568735192,-0.0616014138431638,5.40411340310675,-0.223649451356323,4.93969261990424,-4.18225106445243,7.42465501862534,2.34756589050994,-1.91952339284217,2.5797430065013,4.13558804875174,1.72433216862009,-1.29004329097188,7.57090492699535,7.11846032444919,10.6556866113842,4.73101872032203,3.45310554997923,9.91353133557641,-2.02541307970387,-1.27119802834568,1.15393740753643,-0.685377149793567,3.13840892167354,1.89576138544362,1.90376624380042,3.57757725380907,1.3433710717527,-4.1652541453841,-3.48137414130542,3.43406082135516,3.31875554915496,1.11875428526582,3.36236638087576,3.3457092833869,2.85333983656164,6.79380678096277,4.63645598445146,0.929267712084766,0.00984120200882899,-3.34088430061456,0.635392345577202,-3.97919086072579,-6.8612299265169,-5.04531883041273,-0.325309880116038,-2.72513070284913,0.28331110345971,0.296610510949904,5.77147441122361,3.39924123780838,8.57953212764005,5.15744770647871,4.63783508816414,6.12382862374216,5.75180457066381,5.03280013216136,3.4698965600237,2.01328271771126,5.95472591032558,2.49376383694835,0.787270851053108,-0.811352769866062,5.27028682887067,-1.73721829774331,-3.64283230841829,-4.34248763125288,6.41336848694846,-1.17003557294447,-0.919548795116498,-6.86692707167094,-1.00977621774837,-3.63937492967125,-1.35700526834808,8.99542932063014,4.30603945648181,3.47016232723763,2.47549427969534,2.49126999122382,1.62320407401421,-0.696181158613399,0.0640832897679502,-1.27229908980189,2.36060349878971,-1.03326451451539,-0.0570550829743297,5.3579136088556,7.90794669680326
,7,3.98867398335551,-0.840475020537269,5.28051308290742,1.08910615899549,3.21917044600741,7.45731131389584,-5.74362208953426,1.85283908608653,0.757510287101468,10.9453231419266,-2.22929631275474,2.93024620544747,4.8606422761095,2.11585078829012,0.0342471053991176,3.94109011990258,3.70091249506368,0.851106560890912,1.47996705322112,1.96516537244315,4.85591797582492,-3.01130867276697,-2.59133882777678,3.44321878890878,2.22673092979312,2.44053121835896,0.0505477152091771,4.75958992295637,-1.04578069286799,3.22394305181297,-1.48757906581886,-4.33603111180128,-9.43617860530321,-6.57277880234142,-4.74551101335419,-4.5102149105478,8.03015057283301,3.89529946246694,2.09496570317424,7.77437632471629,1.57063620082226,3.04583553449083,3.33667659748608,0.852849211129069,-4.99640362885111,0.908140787401862,-3.27874776259523,-0.113634753828592,0.934166851706323,-1.35122427618262,-1.43197333702665,-1.63625655473697,-3.45274961536234,-2.22823077322209,0.000438615530583775,-2.89757852588627,0.561038119143632,13.8000632807634,-0.360374342279101,-1.59171077337487,0.791278226035502,1.05569464166183,1.85395600775519,3.03451511188905,1.67974267700083,0.137770964318406,-3.07546083105808,0.655397461325265,1.26936699743601,1.3998996646751,0.500898263795534,-3.62957813977118,-3.01800223897953,-1.29329124405376,-1.31528571364652,-1.25344870811387,-2.21876497874291,1.05897226343768,-3.55651880086771,-2.16991081122069,2.24648708475615,-4.58471232655756,4.74487028748263,1.84125651050454,0.518232830096167,5.94358011045369,-4.30950615995607,3.63509693696506,1.28261501581801,6.44287332456952,3.14249464955901,-5.08980361344584,-0.287874687955991,10.2808320396343
,8,-5.03019114216113,-10.0140029173763,2.03850619110926,2.91679054787346,-6.18559076412566,-4.81637036242864,-6.50405440968461,-6.59903219255284,-3.47087311173345,-7.16086916451241,-11.2388680536187,-7.03323727449606,4.95213224941472,-0.422892341724946,1.5168874064675,1.98088382264905,5.17885761953585,-0.670852049825044,4.81826110874499,2.2855018483242,5.44407547748961,-3.21384587352441,-4.85216114405011,-12.1103755447457,4.5069182034822,3.16479551674638,-2.81047592085633,0.753533013115884,-0.304578313374805,4.43730469400361,1.80308952476844,-3.27468402232989,-4.2319116474755,1.49631618782951,-7.06221830912727,-0.704788391598413,3.67365088094994,4.49172035018455,-1.86192076197949,0.578151586114473,3.48074818653731,1.22970637719845,0.128867404293487,-2.71435930625012,-3.53765505189949,-7.20353648715354,-7.55509784917922,-4.97073202247338,7.16214843198031,-1.39886117468086,-1.40294894526414,1.20059324975409,-1.04210847624381,-3.70546895352527,2.32342662088377,-4.3974430303515,-5.23717406675678,10.8785557060619,0.795442556462149,0.315654255176923,11.0474819293358,2.69596616072886,3.22499619425435,2.17074270480407,-1.71793409684142,-2.5169369527157,-4.94462007701804,-4.62002265860792,0.702974015055588,-3.90234248372508,4.51404575064771,2.29429601535958,2.07371319659251,-6.29344009482702,-0.95390544631482,-4.65110696878583,-10.9031842788008,-1.41261548434886,-8.47877133391557,-6.00435653386376,-4.19460800942215,-1.5719966007473,1.38323017170842,1.85246141976131,1.24409726716294,2.79676270882374,-2.07919364161535,4.53026854090604,0.686583794666149,4.06303569785996,-0.795759447797536,-4.12294005733202,-3.98187922489342,-0.492478600663162
,9,11.1420126896219,1.65472317570129,6.54145513832736,11.9389574601319,6.28312096051377,7.77408090305471,4.71527732410323,9.14155992754968,8.54111429889235,7.54323025231861,-4.90696593365647,1.23836955591469,5.49044280883572,-0.669259873178817,-0.48976184050116,5.80960707375198,-0.177747421212189,5.59739603361231,5.63677673498023,-5.92617758658344,3.0749774139731,-6.19509640804426,5.56337368389359,-4.12249785845597,4.05764533788897,-0.595506118654157,-5.76548464542248,-4.09730176128869,-10.9471326694184,-4.94265824839385,2.59786296957645,-14.4108619972521,-6.1630464269474,-1.63594241393002,-7.37463156135527,-6.69354874798955,2.10029492258218,5.39943060955738,3.21303052521944,-2.19402357769286,-6.9256257091547,-1.6145599703159,-3.26212410778862,-1.04660127182069,-3.98092871871813,0.0869290819282469,-2.414435274879,-5.811187741705,9.64451132151044,1.80921644656883,3.30981647260887,-4.20881178823947,0.116095754423441,3.97158255424438,0.894352194993189,-6.47056478194099,-4.51144811729864,12.0881819712704,1.55975611926988,-1.35776776200146,9.93464387393942,-1.28051450703424,1.94703550252234,3.31590442873312,4.36542389165515,-1.46852837832921,-7.74097128763606,-9.92323574617149,-4.91967747191666,-6.20577015101298,7.56096466478812,-3.83032523661677,0.334924138081988,-0.726189411376254,-4.27208543553934,1.05751605702426,-4.38690853129447,-5.56555114400726,-6.2713257075975,-3.75331725047363,-4.62212355558222,-3.35398576211082,1.38826184075151,6.12058488347247,2.4356116420422,1.4942196534812,-0.40357395394858,3.88015864334193,1.08240009209476,5.42967081714596,4.32597233285924,-0.424624229559413,6.88378806314904,4.68419961406653
,10,11.702606197563,2.74481645831838,6.34950987175034,5.43253354877015,9.38430292338126,8.63412650095233,7.98070566777278,3.96603206588588,9.56838577417511,3.11875534272804,-7.34317319133334,3.1310817530848,-2.46818638844888,4.66209392455312,-4.92666500200721,0.614043218347433,5.53200466154703,-1.10031791352958,3.01142588591392,0.00557212458261347,4.23954243217304,-4.70959693133773,3.69773598863867,-2.32120773423412,4.97220042510344,-1.76381863821553,0.623678642910818,4.9836935666699,-3.98560950491992,-0.019582050608733,2.44398342003478,-4.82538723395555,-6.885453004792,-0.0649809385049593,-4.00377068403759,-6.09387487111053,-1.72402817876355,1.78817909612007,0.33975580212973,-8.64685291317619,-5.63166992828155,-5.25413945965738,-7.81951089011091,-2.31076053041761,-2.71962956123934,-1.77318659195953,-2.50179121815017,-9.25539460479013,10.2266756325535,-4.63865421435366,-7.02748444671488,-10.1191281378251,-9.29406234205271,-1.3495670983375,5.03764390464676,-7.59175240054901,-5.78147586883279,7.07607562467274,-3.13838170093732,-3.65981197693691,9.46324523677504,-1.43015738486793,4.60076386280707,-9.15068297886501,-3.39509667642596,-13.6820145688926,-2.20538157936244,-4.26210502939102,-6.81958144481905,-6.0798338700024,3.94247058102337,-6.53745070934747,-9.17177942784474,-9.6424353281127,0.21702504509085,-3.19837718042072,-6.52913187570266,-11.994732826266,-10.3163379037778,-7.4207494544371,-2.0409754338707,-7.63679422424866,1.57942527855812,9.19733719940268,-2.26696330976665,-4.97952884464394,-4.58081057328673,5.84631487327351,0.797210249138516,3.39805050527866,-4.02127005303009,-4.69081548181384,-8.75249636679655,-2.132767450541
,11,11.3917708121335,3.31673370883618,10.1142794857988,2.0099511725075,3.71067074212442,12.4139473829091,9.94897321395547,1.86408772389768,8.11179677991458,-1.75279943753958,-4.16191536804217,7.78603632396153,0.674625550213023,-0.219201522590083,-0.912969288327076,-0.468158419880638,-5.0445428412786,-1.21746533098485,0.448204100022849,1.6919128754198,5.17811860219081,-3.49452676832516,2.43207734796124,-1.74910187011483,11.0217014604386,6.31175800944402,-1.95190040570196,-0.687513585955458,6.15594995473475,3.38549329896887,5.23511097972369,-5.699647577223,-3.76844542808249,3.59265844026959,-3.74782396635965,-5.6060408552039,-5.07473252132149,-2.99444725264038,-1.2988771317614,-7.04581731391772,-2.24287621863186,1.11367931982022,-3.45394044493878,3.23667219548042,-2.30009977084046,-6.29753826372144,-2.81127501310766,-4.35867651947228,7.44787502058171,-5.54802183307766,-4.28481590522279,0.824980011726439,-12.9770721407549,-7.28698577446448,3.3897003807233,-11.4441813237427,-5.73968619136576,9.52606650534108,0.860224116093377,-4.47984617857946,8.10372523639853,5.79200572097761,-1.37870640846086,-8.69908141664018,-5.58938293870415,0.386981290012045,-7.12522495383928,-7.58506670567476,2.57967119627392,-7.05839993024347,6.47850310234571,-0.972057069424409,-2.9923479685458,-5.26398995006093,2.14148266438133,-5.78057004303446,-1.1384153971394,-10.9058305641065,-8.63272864152896,-12.4933937474343,-2.42759972879685,-4.98893694504295,-2.79535588355793,2.99605139545019,0.0163806579166703,1.72250417560099,3.88899714790387,11.4036914087246,-2.23679620925213,1.71654640979978,-3.24157141637806,-0.554668998978741,-1.27909733327033,0.95796597386834
,12,13.1400574559248,6.00156136126134,15.6429928368907,5.91184870928373,11.7774867623812,11.8425966484047,19.8818562799679,3.90815287945588,12.6611849613528,-0.752903460965172,-2.05534253011319,1.40143453946075,0.771427707915791,1.06198964060968,-2.84698100717651,2.00676972943984,-1.5736314922633,3.94016236955395,9.56600249623989,2.8606921246319,8.62463300631134,-0.119776207660834,3.72290672692907,5.02932394166237,10.9983222018691,6.53789261166821,-4.25509640319615,6.87135689209936,13.8690195965264,8.74669832308246,2.01490344305603,10.8336393213485,3.50925333415034,6.07298054942657,5.26048233904294,-0.920400548418911,-0.742088338483882,4.23785655546999,-2.64871263443638,-0.236236897801064,-2.15476401029809,-3.38540889686374,-0.900812060301178,0.837949676335484,0.0611560967718106,4.32497233927825,-5.39765414537942,-2.73000483717806,9.27927860994714,1.05973393033128,-6.61311067258066,2.77175945937961,4.42419489483655,-4.68493389303694,-1.58599452576891,-13.2623024117111,-1.12359630966239,14.4404368457017,3.80180381151513,1.25736161610075,11.7509357158669,-0.44176121734381,-3.08826686017164,-4.08725445202253,-0.634675761335529,-10.6593806169822,2.50966633386997,-1.28512575363675,0.587197090693735,-2.8087403742702,9.39587843045592,7.02528096200876,-0.502123254385879,-0.771651562961779,2.17621922866419,2.5176814145907,-4.17077041025368,-2.44644807808982,-8.34062032124348,-8.71792407058092,-1.01339011444907,1.5388450751434,-1.1313971597956,4.57705514670852,-3.26211178481753,-2.42979495092004,5.40484893496432,8.77914860971214,3.59952747788338,2.50406235514311,-2.06375614454191,-7.77810056819726,6.39351311264181,4.15246653462782
,13,11.0609639577933,3.25661682426653,7.69801054703021,-3.50825869628352,7.30709813820067,2.66207588661746,10.7946367102959,4.80487272657956,3.22196784726111,-0.528989079011808,-4.29096196538376,6.24788325523514,-2.4392650029331,0.980575765101094,-0.405660697044368,-1.01049362102094,-2.46637104414003,-2.061976775527,3.02176124027392,-3.05313603537434,2.34589545672679,-7.77860033824618,-3.46371637512311,-0.570481453194589,9.31828860762289,2.15358742353601,-5.11932808258643,-7.45999934482279,1.50070631981544,-0.737822779427006,0.729903215626109,-6.19449698413337,-6.6228873119253,5.26780342728671,1.94957875467117,-1.69097645322472,-8.67064239027422,-2.88104186224336,-2.95952690720696,-10.1400093755365,0.679798708504677,-2.23113432856735,-2.58318888287431,0.410219414732637,-8.63155895804812,-4.58946994491453,-4.01301379912366,-4.16522275467287,1.46446853296766,-0.00971756303988514,4.0196477852387,2.00713346489465,-4.22524986132703,-0.464954540422696,2.0134398980008,-8.79118236592149,-5.86129092114425,11.7175326701308,-5.57910413308309,1.00816505760486,8.32893329411854,-1.92925168882357,-7.41985300504894,-5.8681312808003,-4.1194755294764,-12.8075323026151,-0.866383888049313,-5.95282598474296,-3.85196655581603,-9.40428996190531,6.15986370729297,4.39893998289517,-2.36051521138143,-3.23780731793158,2.48216276271887,-4.72063655557395,-3.15064960191739,-3.40250967214342,0.511726204724255,-5.77604079366756,0.17601629060664,3.50414845222258,-8.97119765870229,-3.17676464596479,-7.11744916469797,-4.59907219624438,5.28635022536582,8.79262473203562,-2.9405644991366,5.36308969149468,-1.72896229863545,-13.7136171183793,-3.9298823072204,-0.787290955104254
,14,13.5223449091936,14.6605185725984,10.0531629922916,5.46721046905986,13.7506946801022,3.46841453395791,12.3171111139309,7.47936245656638,13.4333295404922,4.40102061796279,11.2733576734427,9.27549303938031,-3.60105769628899,-1.82509074005611,-6.46485724446029,0.599952144260897,-0.791398481223951,-5.88920477061947,-4.40373200267095,-0.755715478815546,3.4524750380242,-7.76518171099633,1.05310855724019,2.37752775016634,11.5591483754397,-3.03277890533718,8.35855822425219,1.53263848259849,-1.6146075815177,10.2152707535861,-1.4927925269767,-0.509209391362674,-4.09919309621364,-1.23013271778655,-3.21537617393187,-2.95811381532803,-3.03150646850918,-4.30213194534372,-3.69666396172215,-5.84716685397871,-2.96609313921363,-6.51159152654327,-5.65026493549885,0.945805794570333,-9.86474958460531,-0.863124682125999,-2.2402465021496,-0.260155280133404,1.84455450053429,0.893410655027765,5.89258880723719,4.57268469018345,3.8198892043365,-7.57495840396223,0.565392407828767,-9.6266449595787,-3.8304076055374,8.7819967680025,-1.78731128356048,-0.943389096964893,-0.820334199215722,-7.2737456570303,-3.62041745066381,-2.10317872291853,-3.29439723098221,-13.1131132031114,-4.24392311002521,-7.73015894399941,-4.96113055184833,-10.6094894063335,0.439009172732767,-3.49625637787722,0.115924482553964,-7.16812638706688,-4.1116658642004,-1.85842618445167,4.07867630422879,-3.32968546626034,-6.14288085529734,-8.62260968762166,-1.70903531319527,-6.04526105723562,-7.8089871850807,-4.03595167378444,1.50490045094739,2.24373366255713,2.89382900639612,2.59899977089299,-0.422901928013744,3.6408566499631,-1.12394094103547,-0.753430668562942,-5.23425470011352,-0.818533296560418
,15,4.22506830211842,10.5563644644681,15.0607893131346,4.84423564989447,8.66947905418783,8.82310551243063,20.6430714016496,8.44167829601247,2.66450487476322,-3.30551196250963,21.184909331243,31.7240189743425,-2.58022798272941,0.352596537357385,1.24399580965473,3.54922904186242,-1.04725613150549,2.14186634875659,3.5999010395135,1.74171552048574,2.70682407744789,-1.89220434453819,6.0527795710841,8.02736228055437,12.321942070821,8.57593813308813,5.76175853662789,5.5315805763039,12.2235862808375,9.9269725212107,5.63531269300438,-4.98334219217213,-2.89104958815187,8.7560956824891,4.22360958412719,0.031790062897926,-4.77908299304363,-3.31289406956967,-6.52947846729694,-8.96540716337768,0.443493795955874,-3.70985477074646,-5.80179202814543,0.392050129763447,-3.01185275798161,0.319619612571842,2.85242459499023,-2.52006820436509,3.34348683063945,1.20918863037878,-4.59789325844213,2.2178493348656,0.189128568263186,-3.56654453421834,5.75268799034893,-7.35930976411873,-6.78288035714468,12.2762938752912,-2.04552485682507,-1.77587322363615,-1.60597878013505,2.54647784212648,-5.10468837153348,-5.97366646702358,-4.73851379157531,-17.2919814735524,-4.58429107564007,-5.0928590336971,-4.8696357077024,-6.76142184178389,5.48672412241103,3.56650682877626,-2.47924957777104,-0.298017096116382,8.4941726241268,-4.43397833875497,2.88938110689196,-1.37447727206745,-2.80104024881257,-3.05525604251125,-1.86251596782131,-0.757598504633279,-4.25873031484844,-1.0779794725222,-4.27352899693869,-15.2057083591353,2.48896627008253,2.77242897636461,3.53119289081405,0.136981924559223,-1.74878023690144,-0.910187802250221,1.83696127514486,-0.726630085498982
,16,10.5203750402061,15.4600091558495,8.66881368537179,4.83876157986015,0.866589603563625,6.37114636632214,9.23425237989795,1.22377972733375,5.06199290742188,-0.110793521953383,38.5041740552315,52.3043610238547,-8.91753676721964,-1.76479060816564,-1.2859067123245,-3.37960731524436,-8.25731267713854,-5.48958115025198,-4.9232406096362,-1.00865041988072,5.76198276661125,-2.3151152034734,2.62082004844706,5.49971744430695,2.50645015829832,-2.04926585147223,2.1090572734538,-4.49564139139147,4.44420596148302,-34.6886699852166,-3.79658976548853,-1.57755945231838,-5.13411029772033,-6.23828215421781,-4.95259783358597,5.49611389218808,-6.24100943554731,-1.57814841280378,0.421783934540144,-7.03252141790108,-4.53508054006852,-8.5912888527364,0.264875466977173,-0.158021193232344,-4.9449400186968,-7.05316716092238,-0.0242928764600947,-7.46462858251653,-1.05983698298769,2.1175600103561,-4.63501987442942,-6.0301635111955,-7.27842593640889,-7.02307299718814,-4.10797003634798,-11.2152239033348,-8.46903569917413,2.47268614769564,-7.40715800704311,-1.06197155919654,-1.27647892065761,-11.3713345157848,-3.97636173122555,-6.4848146667664,-1.42549212083031,-18.3522797712212,-0.687552657736887,-3.17677820001154,-3.56900790267173,-8.7336087531221,1.52093305633207,4.77452773373079,-10.1355318569476,-1.36145873064379,-2.39663471956374,3.83921589616693,1.56000505301927,-7.46601149167327,-3.14575524815336,-4.00124670041805,-8.42784684337312,-7.7546443910669,-5.61978661067769,-3.62401645487262,-0.239761150121922,-5.26957949571988,3.10372100914537,1.62071892221502,-1.82564977471702,0.519400561004659,-2.51954224974543,-6.54720473499947,-2.06671953590921,-3.5724443759882
,17,4.86683941732463,2.78338690816418,4.16969441057881,0.52977940625351,4.23410315696492,0.969636221734618,1.93016340611757,-2.70977898505043,2.88006690159636,-1.3015194088548,89.9467704792623,96.6831749773773,-3.06184471130291,-1.60785946369469,-2.05315457172765,-1.63550213727285,-5.00604022639709,-3.55703791895212,-7.73315705574169,-7.50401712019084,-0.379194440774882,-3.99264649430188,7.42940342712063,9.98708636765332,-1.07058435597355,1.13103668664371,-0.528155962025266,-1.68310336871764,-1.42621853227865,-12.0977733635427,-4.68964903784035,13.6756967362398,-7.66476077723746,-11.8980552948651,-4.2821040452327,-6.98763746018085,-5.96010342224508,-2.27063113543227,-7.11559311606106,-7.18953645442161,-6.64949616414924,-2.66401541037339,-4.04832022184019,-10.0076209569961,-3.73770478367987,-8.22591879743413,-1.59486424272291,-10.4775475186325,-1.82463918366193,0.0647732633478881,-12.6821156689984,-5.25198954693406,-1.34887036198779,-7.11831978272312,-4.19779983760964,-6.25460427617872,-9.97994673025823,6.04892545587427,-2.78110038403611,-3.39288958176803,-0.588386939933116,-1.02370766818603,-8.20522945082121,-5.95180047332542,-3.85475075171416,-3.1773858284887,6.31313875787419,0.57492584335705,-3.66132575726624,-12.3834462547766,0.251321351246588,-1.35503665548458,-8.22010083715031,-3.9065701243544,2.4141677022144,-3.3003290369179,-6.27301673206966,2.32261910393754,-6.36040727518593,-10.8007076747617,-8.97450540261525,-11.0668692126692,-10.5064139717815,-5.14105643758194,-8.61410000753312,-12.6903445914559,-4.23206409293198,1.38827515667617,1.83847350052383,1.42349170377747,-4.74560410968661,-1.31884415499553,-7.21242844298831,-6.46431787596339
,18,3.20892903896129,10.0263580896535,8.45369126361038,2.83102662992314,2.39480588997867,3.1005516575824,7.01225294595497,2.78756180283563,-4.38943299329549,0.209786987139523,175.705652609437,186.602222618658,-5.99880310446133,4.12683301828838,1.25048919577966,2.68576585497794,-1.7792171895926,0.617361992995939,-3.81899720986439,-2.36619691095621,5.28291561393598,-4.65703650464638,17.0537571276855,26.2717586763101,5.91815078991567,5.62204058065981,-5.27625362993967,-9.25533728277878,-6.65450599319047,-3.05472278848174,3.04492183643924,9.3777625922703,-2.87724297324166,-2.31681480307452,9.53613385622157,10.5322283096084,-2.35813175627663,-3.71139235131341,-0.18503985267489,-3.73113631071828,-1.93501265002851,5.50393164601519,-3.9010795773338,-3.7162555537634,-1.95365920008953,0.404093471956003,3.53290186789491,3.45385229261956,1.26686732410963,3.09786218032423,1.54334411308628,0.823163435532479,2.56735337817372,6.2989021538433,5.01824580530592,-6.90159550422868,4.32527413328353,8.28560750914039,-2.1298128826711,5.59862710239395,-2.68772056278976,-3.73020859896678,0.537833972843146,0.600460111763823,1.46069402288413,-2.48884784345319,13.1997617224897,11.4360860820052,2.30550507055341,-5.11457109138792,-0.132480857762857,1.89785680978821,-0.2370950111399,4.1130527870846,1.35340368648031,-0.499395045822894,2.14394788080244,-3.29378364705008,-2.26384757975211,-1.13959178968435,-7.85855440281921,-6.52296721238235,-1.79556037229122,-6.07516257204588,-1.89116211408145,-12.1970548820827,1.10047828378629,9.4411786628516,-2.04528038158242,10.3575873091504,-2.9583306206041,1.49573372219129,-1.91483074630014,2.00205574590109
,19,4.50826299722758,10.2251758890106,5.90002454437308,5.53208628421635,6.45008649135707,1.10689793186248,4.17158008382285,12.3322908408663,0.62132083029428,-1.0044135366461,319.001800691227,325.951431846812,-2.0196611210813,0.0217007130995626,5.19362958140846,2.34668452444566,0.47089159524694,2.83164834759191,6.05420964018776,0.763633437320095,2.25995812916517,-3.13581557954785,46.8224045793831,43.1891723066292,1.83730360251866,2.4074636704263,4.68160036535301,1.58424807484516,4.24591543506904,-0.465013567341884,15.2037091868715,26.4063412484775,3.29426567881637,10.3023827708475,15.4215296830407,11.3527477356129,-2.07476665546892,0.919368108940034,-4.05355897861045,-0.409944724200614,1.48646262627881,-0.849058978334142,2.80395243957173,4.22164238671576,2.66577326987863,4.15144022722416,9.71488785142537,8.95440451337527,6.88543560641665,4.83648821406496,6.19342891478482,11.0449910259886,7.66196010378917,13.9315906442462,6.04420743275841,-2.82359071714382,4.13800317310779,10.7316493671915,2.14683959063041,3.04334617504173,-0.783167195964779,3.04590221557737,-7.42408686678937,0.610581373921377,3.45726152015777,3.30402629084529,25.581978991604,22.0009364943071,0.935267408591244,-1.8307167641924,3.0327091748095,3.33282187180339,1.24431247761095,1.74458690094798,1.87588301432697,1.04040985502616,0.734309639867206,-1.53629822007497,3.61558108249301,1.3842623325163,-0.76958302195635,-1.83132639660289,4.28325450979901,1.78271103922634,3.96384867223787,-6.32109040400974,0.635769304819405,4.00734179110805,5.8274478681833,10.2343678991783,-2.64829216702492,-2.36775516507805,-3.95434652477161,1.0648098490874
,20,-1.91625450594802,3.91686183532147,-1.06062627025494,-5.99343260325441,-0.30425374254628,-1.08321901181807,3.27264309195562,2.4905182397415,-0.438242740639907,-10.8629094009229,486.403707281631,494.130653520646,-6.60859303587131,1.06680985534877,2.71608467274746,-4.17767827091302,-0.336460967140738,0.696096571717135,-0.219494071909139,-3.6465691333251,-3.83749781995903,-10.2777248575367,72.7922865940345,75.0415309713189,-5.22886428277161,-5.47324341085005,-4.08374477954203,-1.52305045566209,-1.6771957676483,-9.58374994097358,29.6179077340039,48.3463975454033,-4.87738915677983,-1.83752103807092,14.1956172655955,7.32257097075671,-8.44965482564112,-0.414218150624947,-4.65976956616396,-9.31537805705375,-0.131406708482245,-4.31311380095394,-3.50620904747666,-3.76578549060469,0.338623186911718,0.682229073017879,2.83338916883986,1.5772671811992,-1.99913866944553,0.999623908255671,0.429197239764108,-4.11612537131259,0.628378000619705,-0.0229678813229839,0.865059545127224,-9.56892840278488,-4.17031793785463,-1.07314080513788,-1.82248168484875,1.3681970985217,-8.11724769938883,-6.6843383257492,-9.27994002823471,-3.8610764987061,-7.04916584463172,-2.89680248331933,35.9118004702577,30.377288478252,-1.20986030078166,0.0796083430668659,-2.9760843321983,-3.53850145129218,-4.85665139271805,-0.452901925162223,3.84186138272889,0.0973801557738625,-0.921271817323941,7.15755119073401,-3.8914367780726,-0.484924816173589,-10.4762695509071,-2.93174871323572,-1.99002884361107,-0.444649971504987,-3.36780615982934,-2.46567177398902,2.29456597752505,-7.26656087799529,-2.08572293992256,7.87409433487846,2.94737196706046,-2.38129409137582,-4.23209529563246,-3.85480237115371
,21,-2.65498537800704,5.1840505319833,3.02392289790623,-2.98679261953293,3.0122703053803,2.89560110228922,7.52554449761192,3.81230914080334,-6.60857320610376,-0.537749136259663,679.910229355071,694.315918926645,2.44347686518995,6.0135406980844,8.45682205591038,3.04070553103884,-0.89336787053071,-0.189615759472872,2.65390111170564,2.4630015636285,6.19651014516421,1.31819964753959,152.319725291756,155.098351785442,7.28205520873053,8.28422092423898,8.20421883264135,-1.85222432358387,6.46703219284427,10.0738311875248,90.056058243661,110.988416032718,4.02498439378542,10.0820045257551,29.3005980126982,34.9280653353671,0.233541487796174,1.8470908492236,-4.14891597035421,-1.86656968289935,2.15806185224756,-1.26744656783376,7.96582048082382,2.41187455177715,7.27449555570456,-2.0618326222484,5.70868576167049,12.673716720763,2.7665441167137,5.93285438947169,4.23481399073535,0.910106868752337,0.134853315999862,8.55954424673655,7.82988395648317,-4.81477140663083,2.27099881196955,2.50865833240823,6.99121303990614,1.64288073381977,-1.59204841070641,2.25763456529239,2.09062386295227,4.99823206742803,1.19463550089677,-0.987253770761527,71.5215529103571,73.0308187185328,2.49272222313084,1.5300272593704,3.68812847500158,5.29260219022581,-5.7126633550215,2.94554954914929,-2.8052961256999,4.71610282074107,1.38938552469699,0.830564295378281,6.56391012494896,8.0677140377793,-2.64287495870303,-0.205822271598663,12.2366279915514,1.70859082121933,2.74144513520696,-6.76554611008214,2.19993858795533,4.42222179669261,5.65147368633552,3.79523760334268,2.49947033897843,2.527136327888,3.70621226876392,-0.86491888141245
,22,-7.33569695756159,5.87499176706478,3.17075521175684,8.69535173132499,-6.48583823342233,-0.792450779079445,4.81091621140695,2.27096008899571,1.92622322072384,-4.65390377316544,890.085361883304,907.211007202077,-1.36837401966113,1.14215346120545,8.48114956474456,-2.28787148929223,0.722103344261996,-3.57148258204688,-0.0696871383661346,-2.9057028727384,-7.10098502661822,-4.0987535712411,280.707902139172,277.697501033927,7.11512545932419,4.16171937342551,2.54877597513223,5.17248549405485,3.2714839525961,0.283844962996227,169.144004033969,191.444655540799,8.31439750281243,1.47066356668256,47.510459106692,47.2646365038272,1.15168471092511,2.89491118307888,0.817404973269731,1.53974294000909,1.17879986635671,-4.17610539724228,2.23182210380764,-1.83167948110713,1.98439922828038,2.14187980147835,6.03257185209441,9.82508051836157,1.95283132296936,3.01032696667062,5.38111544589265,1.68691862479682,2.02383857314817,-0.225063039653833,-1.5771759739182,1.63966598624938,5.97417395955199,1.50056210050207,4.12484056888752,-0.772446335826317,2.80988367627833,5.0581236947728,-4.06592840638405,-3.86374300922944,5.34417105034663,1.81524904246908,123.351734988968,135.515371980531,3.00113738410437,3.55282898693804,3.09721846632419,2.07483001509354,-4.22411554196515,-1.06553056696066,2.42870246156417,1.7823849495835,4.21364700006779,-1.47108781568932,9.47919563916184,2.69986993328894,1.250029740424,-0.440983617017991,6.66591299311585,8.34133945237045,-1.28611180612279,-4.43611042362681,3.6524353656423,-0.0528471825691668,-3.34139781459271,-9.42973370906293,2.43625706334205,0.678450342218639,-1.22452875818271,-3.7201949200753
,23,-2.30331976743037,3.5394303804369,2.52875491599116,2.56788395856711,-0.146280495437168,2.90840546786421,0.460708441212773,-0.609904822369572,4.21058977933717,2.21937499161322,1097.44035735301,1120.85849543292,4.85311669383918,5.31807594210113,7.86279950141397,12.577043022211,0.504006863626273,1.2050562187851,2.39783024903954,0.336669812842956,-0.560597060271903,7.55506754270573,438.002529179874,430.087646909583,5.02802177376725,-1.82580195218543,4.61688274884727,-0.481013869235539,-0.24524943050892,4.92073717031235,309.17526043283,343.76853129957,24.0587678563697,4.16177459275241,78.4102051465652,81.6222398007885,3.88255504310473,-2.98243828321938,5.2647958021189,-1.13745605780605,1.93713005624159,-6.85328257010042,4.73981144563732,-0.942515011362048,1.18513260286636,-0.421016507967579,10.7263546417034,8.01217470612937,2.31049174527834,-1.34068635042058,2.79453371420459,7.57882491619603,3.07433614464026,3.3582645921033,2.76617939572679,2.63182394299474,2.32107633859596,-4.98867204828275,-0.0912223115956294,-0.251158857656264,-6.49361690182377,-4.12532194975211,-3.02994629153545,4.61638934214534,-1.05648423144703,3.25412076664907,242.588029725627,252.727782135796,0.805981779427384,6.32460412004912,1.94675439808088,-0.561575415737025,-0.739760395832491,-1.31471632938519,4.7708532080942,10.6169429672063,3.12100857021323,7.39412827738488,12.6856951067584,15.5414234831696,1.81095195466696,0.909196102073111,4.09833359670665,3.185591457177,-3.40456968370927,0.312242361911558,0.929933514573349,-3.03255884436658,0.783243383053559,-3.48502487482619,2.33123280531072,5.40676533763508,3.92251567419407,-0.221886724932119
,24,-6.09620299115522,-2.979847272185,-5.97296420462408,2.77142081451893,3.99501294833135,0.230776799968226,-3.46388392714653,1.89586516584677,0.522999465807516,-3.85324359932201,1293.66171104322,1323.50246529546,4.60640033345771,4.0128036332444,11.6932912148113,6.13321646177792,-3.50130898554926,6.10206748128257,-0.103885799897398,5.93237665545894,6.55671948923191,2.75057958185425,632.103110483249,617.068719018508,-7.09272483822861,7.0578378934315,2.82043898087977,-4.71338412779369,-4.85198270552064,3.89107388579578,471.052014392933,519.307859962644,28.0650397558165,10.9189019383357,137.977096940771,128.79709983356,-1.48679601258118,4.63758190806948,3.37275753721769,0.118857200888669,-4.75348455531639,-5.41488855466923,-1.22825662196374,-4.80620840212578,-0.0443661805893498,2.24316712981818,18.9385636096813,20.3942966172908,1.34845007449621,2.84036176132031,7.91500545230883,7.45994251510274,1.86386717571986,5.94861290615881,2.66555833255188,-10.0062372286757,-1.77871542463072,3.46478509823828,14.1514127017181,9.13186543604206,-8.6927345742497,-0.10164225321023,-0.747266106280222,3.2949544996045,-4.9453755151917,3.41532260503482,390.202285027724,405.173313121467,3.34714254446226,8.64527367821029,-2.56534309136987,3.6132704165866,6.48510163377796,5.76358135836199,6.00287506368659,7.88047976800226,2.2871767456927,-2.28372123646113,10.7896031796863,13.7380743330941,-0.978703556451364,0.668524749722565,12.8009940206684,4.61179247129803,0.186832037446948,0.696538308488016,0.853007019732104,1.78742050137953,5.95890730568317,-8.91441483146446,2.54399530670344,6.03043506710856,-3.04912767483256,-1.73733358504614
,25,-10.0843082969113,-6.86362802834446,-2.43623879098595,3.92329566930675,-0.276127542210816,-2.78476068171767,-1.48879555916028,-5.40014088602038,9.07623120942844,10.489846688828,1476.59092647978,1518.10952854313,8.94475417624926,7.45814598464676,20.5836585827128,12.1308649630246,2.37878057127637,1.89411093265699,5.70362691009723,7.36901292088442,10.7751614076988,14.9358517079345,845.224598038441,829.233570976468,-7.47925535645663,-0.495409827559342,0.0983619186426949,-6.17809433780167,2.23740508377887,4.65724528346254,666.385110883635,724.51491546617,69.6751408085711,21.373034221635,267.710218582878,245.921179283953,5.65760972930184,0.442205524586825,0.745159086956846,10.3610513474723,2.60807094755182,2.15084752246366,5.92070618563412,6.4372726914371,3.17609976060885,7.10626124218834,32.6767847108949,33.105156476593,1.25485767241662,5.17339214605818,5.16723004570122,8.06702494990532,6.76196370357684,5.1045705729357,-0.373214315988662,8.17818550380252,-1.30859739763764,-3.08614809610845,4.53616178838092,7.701574944198,6.22394794264801,-3.98799505682109,2.1739017015916,9.35499324478405,-1.28983198421338,3.55134775814986,577.920242020413,598.02072085272,9.99330953799472,8.40959795167328,5.59244808355834,5.95155001270723,2.64365859238023,12.3899547032197,8.29507290337824,4.77173251678141,1.83256075409372,1.29196413446516,12.1562060010074,23.2016588725292,0.00776453232356289,3.28628777345875,8.58073201283514,9.87792026000898,1.22212736713664,3.16833275961653,1.46009607989072,5.47775554250074,8.50228408126895,1.20080010938909,12.5261132230844,6.97426485667711,-2.27850592075447,-2.00054490110415
,26,-12.7814401325031,-0.697699569544056,-2.67366404642962,9.45230689127493,2.06271561815811,5.83241521641321,-6.33787432232748,0.681042271904516,20.82387376728,30.9720742692116,1642.90287508786,1691.78021426963,21.7107558389616,18.8868188241577,42.6182898630341,34.5477111868531,2.94231822940492,6.41124478049278,3.88356394138464,2.02082327777498,18.7816047647593,20.4997692851612,1063.28545333187,1044.06592361383,4.19729795288731,8.11209651537865,9.25743611471808,8.98780663297657,8.45410719757638,4.16075078836366,871.769856724284,940.648669053914,129.349447544975,56.912277082627,429.424746340183,391.194048444562,10.3943457131245,6.62208177288267,6.94004422802936,8.88511285326604,9.54374179227489,5.08259810010532,9.82712354255455,4.79477336600576,9.78799506568066,12.5615368854978,60.1249375495372,63.6140828853058,3.54122555103277,2.50347001168484,8.43088892582637,8.45213074777166,15.9247636986729,23.2313146078577,10.0611012734244,3.91035484687382,3.50141237722346,-2.51005373809676,16.738778446379,10.2724378104303,6.55057771074098,7.99839992411944,17.2204827726491,21.8315333596165,8.96688791688212,7.94336953652964,790.968786563142,817.23105369592,10.7075231585513,15.6553141381373,4.32146144608669,3.27997439421051,-0.375728533646907,8.4218103875246,18.0239840400136,18.4802031352992,6.0543698372403,3.8218257464232,32.6322163957466,33.4733561521825,7.32645989225784,10.0134732072111,19.1167552137431,10.3934887983341,-2.23016417532926,-1.57588117843079,0.767361556698233,-1.18404052424376,10.1669081400523,8.1102751234157,8.384350633547,16.3579068646413,1.73270703136586,1.54848259472055
,27,-11.9799124932124,2.5933710185891,-0.823328335682163,13.2062210523673,6.42933150487443,8.06590042350763,-7.78366251565967,-0.743181073519736,53.9537911814605,49.0621627844303,1791.73804089842,1843.95164780178,19.2138696359798,27.2785135646118,67.9159991286506,57.1674486955035,3.30385299091722,2.07164540877966,3.67279541587232,2.28731595603858,27.6278268573205,33.6042203903471,1278.98984998345,1258.76375223499,0.577878969908852,2.00866135230899,3.2112491594562,0.27208243358109,4.85552679646935,5.41112224258904,1077.4927443945,1151.85775050811,251.449385128054,96.8256927808397,632.941280047922,573.488352721946,11.1697791343977,4.67106662678816,0.923881445294683,5.77457718528603,4.41860025650021,7.6755277252978,6.86087556263738,-1.97401936965798,8.30480910654478,11.5192859610852,100.390015674335,97.0942607163579,1.87389886082201,-0.645189117482005,6.75909492565552,11.3687106247489,19.8509260641804,28.0377497960326,16.4922103209665,24.9717717539788,7.93295675658919,1.12742443059142,15.149593894359,15.8814137971131,-1.23157379813711,2.66925733875723,32.253868867112,24.234266779893,0.191934244556251,4.76484502417588,1019.70162125506,1047.73386519246,14.643876053402,17.594475898064,6.44597180265737,5.61154030064063,-0.780206107321646,10.8440733420612,34.3511272477463,28.5194426972103,1.31352770890589,3.86437892384674,47.2039876242452,49.1553472923842,-0.681585155385619,4.48124822805221,24.075467343544,21.0829626395516,-0.415367288866037,6.9192725582252,2.02238399823364,-3.71808155337931,21.7352009502119,8.39333893870753,12.8143712671845,8.48613606413346,1.13528752078128,1.67144571368226
,28,3.71266257242132,4.1754827769164,10.2133243511726,22.4123764354026,31.2393146463619,18.2039100597049,-3.31980447900969,-0.963911533859573,118.580842520332,104.863563831397,1914.07404095107,1967.93946867896,46.4974575460456,44.6166483371526,132.313273363117,114.647938628319,17.0972403060041,9.51914514506097,9.80094318031843,13.7343281080084,55.6252232012303,73.9465642673895,1477.94520271254,1454.46566992648,6.2074092443163,9.74390081356432,16.128372099327,10.1451343252029,9.32819289413965,8.42139359867724,1269.76069951881,1358.65496364977,405.439605600442,178.319589444402,863.865432450157,780.05617142371,15.58538903718,11.4424784550865,10.6238854238873,19.0315479580095,4.18149204694237,6.4716780810395,17.1192655322284,10.8030915661257,7.68963721177897,19.2561712057304,179.476556281646,186.38411284419,3.96138205128955,2.54087657631862,22.8019816815176,18.127251817461,30.1156795299521,47.6959768410125,34.4497503050588,34.104754728336,9.50449737778763,8.15493337152475,32.5515959220229,30.6602295178054,7.84292939263287,18.1381987425102,50.3837570395299,49.4821114234037,13.2321158951127,16.5690464584823,1246.42327808459,1276.66088091963,25.4093897058337,39.269686417234,23.2768318880644,23.4193154691493,11.5828851140031,16.0374180089184,70.3614306445343,59.2292927218332,7.99933629595216,12.5018371160695,86.0484508523496,82.2711957989723,7.93775468164495,17.4882743631151,52.9303988283682,40.6014735732751,6.70094969447746,14.9636627347118,4.87250220941132,7.76321924211879,30.320475498107,17.6478650888839,21.1065721912364,28.2380339393003,8.55342901126824,7.44085070780238
,29,8.63818707716746,12.9638577581645,22.9558726648265,38.0363315083869,52.176734815459,42.4616201981971,-5.42984467286806,1.37490057693503,210.95159301013,185.134185135137,2011.99725737983,2070.59442271485,78.7635096472804,83.7100434177755,246.471082846591,208.601509035387,9.40438801019991,0.909304629498365,19.7821003326771,15.7745433346827,109.742993807229,126.120539347188,1660.04958051565,1636.1199227378,9.4215767828573,19.6261404365432,27.9259871543472,22.8733564662725,7.52757651989305,12.1386378770349,1443.46337956817,1542.48732625232,598.573565829629,324.808220704183,1109.35542722861,1000.48748406607,11.7873567473162,10.8397222872427,12.1083672507521,8.70887906936514,-1.40762598571382,-3.42055397489094,16.2680214481588,12.3356756832491,10.7389488427089,31.5680242562576,318.153996145767,303.939283754287,1.66255440851819,0.576898646690097,44.4428043149946,35.2530007499154,37.4209075846557,62.6055146927738,55.4991422680159,63.4171616821404,2.55981975685972,-1.01977032714967,43.7163182813838,45.87742922699,16.0117126175064,13.1846136423828,89.1592157434879,91.7670111369625,9.89120903000003,17.4567402068569,1458.81754147332,1490.32842022853,34.6704099071158,51.2123644854764,32.1681718934669,38.6948039750405,25.9823956040709,26.6527540967836,133.094248105304,106.019171105661,1.5359840086312,10.2974859188143,150.46968307797,146.746863686783,12.4617376919741,11.4874594144421,83.5524124578351,70.7421718640653,2.92941978768613,5.68425389578806,-0.351356359653437,-1.92526797242499,48.1782288403483,32.4913295084152,33.3029575507644,44.8848202430545,-0.707652496083028,1.15485236847599
,30,31.5120522017605,47.5427661354697,70.322893111761,87.8367224396661,107.559915056572,98.7886770831919,-2.06554989359392,6.25711103518915,373.111310179282,339.372351846037,2089.7913632619,2151.5390493248,140.438716169365,147.536275083592,392.014162413615,361.904199388645,16.5514179585771,12.6830300342062,35.7457101715409,34.5898227930484,197.468324347199,249.059860603031,1818.71128631866,1796.18766177375,21.9133595241947,41.2017424157602,58.9820183431293,40.366197735837,18.6594699950347,11.4860202185464,1598.56389066255,1709.52019908405,822.94427985778,510.30883085072,1354.30657695953,1221.08552669968,19.3347726996635,5.64993216601761,22.267584310277,22.9925755490385,2.25160505723579,-0.435129406991109,35.7314225949794,27.169920811597,15.6426134240155,58.2093854713094,486.696108774664,459.659203037549,4.7529448676014,3.69658690314645,71.1964588543415,53.5053861080469,73.308533532243,109.871448771659,116.932116664759,133.647357354947,7.30422644632927,-4.32770535545205,80.6880559308665,77.6897058979794,27.8217065741501,33.0053385533793,170.594352694516,176.50389578787,18.7904387323379,20.3379996047479,1654.02998071097,1684.00490260281,70.1577528987491,84.0160766979843,74.1254690464739,74.917634641175,37.3407322903549,40.3582087897848,248.834056723269,193.098038645518,-0.277338696916559,-8.08580801141579,262.259351302696,259.981622117183,5.0202691096365,10.9742025889536,142.319844878981,128.045915269882,4.99958382973637,3.72377281021363,4.47869523942427,-0.0819792113416042,79.3488185502611,68.4250220710092,68.4940651196994,74.2251186195244,8.15566411488544,8.08221833081006
,31,76.4101194632167,93.5893838052889,138.712948162438,153.752308923838,204.312116596293,175.352265674204,10.1058447733449,14.0693650758458,557.643599353668,519.35936384688,2154.15622591056,2219.43777919779,265.759094818654,274.111378224051,576.160624523107,540.79028418499,29.5928565308495,23.6454237233429,76.6239804985489,73.234043841996,349.791873282396,399.799786900773,1956.8644617672,1936.89984332785,51.461284401621,86.059607921221,102.270875466058,100.105661705318,42.8060638987463,33.9265752962674,1731.19218350272,1844.82371018608,1057.54316497075,739.487183692175,1590.94047142074,1435.90002557669,34.5398170804165,16.2447197263191,41.6905829450443,36.5911179203176,-0.454854234989398,6.32286036308687,54.5178218553901,63.7624416307826,28.2542241330993,97.2078235402932,691.088044490509,653.623173088468,3.1217864791688,5.19281290716026,108.186692368965,86.9676170957337,113.115101231595,209.382664205575,210.409634669842,244.048957379868,9.18200591657478,-2.45811667468115,141.781082859414,137.330096380672,53.4264671653909,65.8320000075491,318.24715787353,319.180907565179,32.1694063080395,43.6847235895093,1825.93528767584,1857.94783269171,126.160812691469,157.142157374912,134.78748081947,149.794524847497,83.7864038728112,69.7603158742895,392.162828118292,330.463620463839,3.21275612988211,2.80135463341503,410.751264479542,405.775094684929,13.2870979424824,8.90246101830598,254.885800791195,253.863838915416,2.88170348437052,7.31277361970388,4.03294000031201,-3.35686056452141,145.423620875912,140.520390246191,120.605300282386,139.063503596315,8.07259807420814,2.06817831249464
,32,167.305290066797,177.937175840592,279.600484752168,292.058764545643,363.030864568609,319.548444835486,30.7861364687906,46.1412855380004,767.763660280142,720.424499125277,2206.60424104054,2268.10374321596,414.546198950336,430.554716523867,788.451410900276,747.395051087844,62.8763950211542,39.6609868371652,138.343733697548,143.117329115625,525.839933630945,590.260051482676,2071.93867705595,2053.09422712406,117.69604304279,167.621705963462,191.177128399619,185.152253786959,77.7361705194053,73.9501149393291,1839.55625612168,1960.98687009524,1291.30501481204,991.217397145492,1805.93426097853,1632.60009746895,51.7085412079541,28.2514466863013,82.2955139968217,70.632548059797,6.51501378564535,4.7001216435001,107.944877605592,112.301672462761,44.4159407265342,192.157392569725,911.670681432492,864.241102962871,7.74188506841165,15.9338095362509,220.065580998516,169.81381079602,217.182805844116,338.163350676487,364.842668226519,390.919925220752,8.60722905545845,-7.75968115363139,266.456020176865,257.825620968239,101.719497040425,120.270987801796,494.763085623458,493.30209432571,64.8566627118526,77.1702859098805,1977.40289987601,2010.58867888767,246.613868967452,291.111269315089,262.034536366392,276.016825659001,146.576300109778,127.4585057764,570.79019109022,489.802371858496,2.13697414958369,9.02975482658985,603.974278505533,591.578910654925,15.7857097615579,16.5630955874058,400.321954090233,411.472675916654,11.2693041461844,7.8919160732712,7.16997058591369,9.12025723724037,273.165520403047,254.327811230559,235.81691336174,255.453781769437,2.00348380985088,4.87611978558016
,33,313.344139099212,333.917121182534,448.985468870145,455.56076916472,545.016534127381,481.718082647404,69.6095293344206,74.4965157804745,988.428512483491,937.053217744863,2251.5891668953,2312.9578007969,598.615626556545,624.971623291874,1010.47167595473,967.906211178895,109.313830991472,57.032699128391,254.605206725037,265.987340154631,728.689402359558,804.57007361357,2162.92183533313,2147.79171977587,211.224543051325,307.651511575022,356.884621172272,339.012760000936,152.120421297263,136.022515079821,1928.77239963751,2057.19478203952,1507.08971909091,1246.68974378979,2001.23504878605,1814.01354354686,79.8417017438078,57.0210304519678,150.112177770436,121.238344809759,-2.69907467538178,6.97864598295746,190.073458228906,229.47198476944,73.833981727048,343.485830553538,1138.67432075378,1082.78210319835,19.6454447207343,19.5845875228897,364.061043971057,307.785858254349,356.361386777036,513.855662995702,550.953433349152,588.621432284635,15.9584929315097,-0.931371024471446,426.690615905895,403.104270516039,188.200343039714,239.304875239738,705.424944284974,706.279554911956,127.397400317122,130.072775520764,2100.31662403336,2136.78752588453,392.499445486696,450.426627180988,413.92160568779,433.036226004301,278.905985838527,241.602460835119,772.38299885223,675.204343315881,2.764013804348,3.53045831135751,824.455402792859,808.013280308012,16.3747398994565,23.7473387355712,587.715489390819,609.205206062966,8.78022048264029,10.458306149183,7.77758596943931,9.56468467522973,425.606125316382,399.654715874503,383.332135495873,407.432806638443,0.935604850319578,-2.93971099955161
,34,481.89860292752,513.114677684494,651.157175578055,648.142398996438,747.470814898295,662.79762811368,142.194799843412,149.337978655996,1204.25767884207,1145.6463509364,2286.45277510643,2346.00506318669,801.333801223612,840.076611981688,1224.43961844403,1183.761292904,210.766813244137,124.704361826129,396.411597923593,415.003766174941,942.995501942528,1033.75155711594,2235.61185988526,2220.48162811431,378.695299593353,484.645058623992,546.793365163414,518.510157466308,272.512320467439,249.249086831807,1992.77126598516,2131.06422831035,1701.74323898877,1492.40378376005,2170.0945428027,1965.91861265306,135.14441767184,108.920997397474,276.491160028396,234.290511763411,16.7020735896258,13.4508759007149,344.591216768928,375.478223504758,140.387532895584,519.571692722727,1354.88292845746,1293.60218229024,38.3849037836244,48.4103430670039,547.045499028077,473.333912570656,539.323500147428,721.571930633256,767.649861341475,815.107233622076,23.3531049411358,3.68018228459368,627.996060326012,583.128194490275,329.028820173403,389.685842191898,932.431706022428,937.717935511473,242.775706202744,241.688735427242,2197.05249530355,2235.47814685229,574.721271207224,647.552456228037,602.727638783324,633.744337819921,441.688584165388,387.860899219768,980.683500773521,870.64351142908,8.96036633256153,19.7243413417491,1053.01760666589,1033.54441475469,31.1407166728368,42.2079522805907,792.653511946646,825.601612267252,19.3682216284178,25.4234290752211,34.7274953764772,38.6479840368302,601.255390805656,574.411708941441,564.746494596177,600.91281066073,4.04499093105369,8.13240088294151
,35,671.313461787106,714.026109716763,865.489804981266,851.938932600728,954.32295371065,843.426876106359,257.21849970219,267.018816058366,1400.03108918444,1340.77096029658,2310.00712733997,2374.37625570235,1005.7845482778,1055.11958179285,1425.87898362204,1385.85504137873,342.081292707904,212.979241670095,566.39547015811,591.434291539161,1150.60008420521,1254.20546930327,2286.01463830258,2272.06196935615,560.171664137513,706.71353636782,761.413727395876,724.574189978837,418.386534726683,389.182823593902,2042.84309823276,2188.04632260017,1864.89782674031,1719.41670808668,2313.8985810808,2094.6674579262,240.422721013721,189.369040869477,433.165022656567,380.565663240259,16.7476389644344,2.86260816448521,523.775255508355,564.828783528104,253.060116464093,727.00474455667,1559.84496753066,1494.28101871162,61.3340849696215,78.9039360757779,765.19176450551,675.202172547036,756.172013952498,955.316996879338,1004.16337321206,1059.43710259986,38.5834263862525,1.76532575989768,857.102291953891,789.031233240475,498.313533833396,585.856654081768,1167.77195593218,1176.80757639436,392.799014228375,387.20229405354,2274.6362976035,2312.47503729353,779.879946701021,867.762585387084,817.135803486136,860.452686438609,644.710453549729,576.485050036316,1188.54624622011,1065.48482753907,12.7072453034216,29.8167631924462,1278.45735525501,1258.86714499781,49.1874655923675,53.492820028534,1009.24644478533,1055.45433072529,9.79686742892227,17.5568407782685,46.1930110135181,66.1477668375337,803.331875026051,768.785545362557,776.61923189699,827.276793751632,-3.79750082185456,-1.98145480231506
,36,868.643353472471,926.36236002019,1083.76958923663,1059.42282845076,1156.98875802062,1026.38338195639,397.708419478876,412.423438222255,1578.81392932186,1519.1063136317,2333.80842739848,2398.23595295172,1206.23560398677,1262.00659889558,1606.31337609243,1564.92643100884,522.47493907715,359.099362959619,756.214708649204,786.565542106521,1349.73061213642,1462.34456577739,2327.15787205191,2314.2132416872,771.311430919493,949.66301954512,990.856207679461,946.455347517816,605.336962796879,566.467275621615,2077.12567661293,2227.99330580525,2002.49699630114,1922.03065138564,2429.26052868771,2197.06651479077,381.531773974924,343.214478701875,625.542311203519,566.848433296441,33.8465946565011,20.364951081905,731.029592695246,786.55561120488,401.310435800186,950.571316659536,1744.56902960271,1678.83304055821,144.068041085173,150.555156173637,997.830480009391,892.543981374343,987.995547907819,1190.87336131789,1240.07962241217,1303.31026415885,75.0008797339233,12.6554689470631,1094.85981875324,1004.60372289306,697.379803476802,813.10711782229,1396.12970461124,1408.94145681711,585.5573013254,574.884850535952,2334.84300099762,2373.51092076587,1000.20678088965,1100.49500567718,1042.94897443563,1099.11573640054,866.609877894024,789.599245437782,1385.23470565688,1250.81955764091,40.1529402727992,64.4403650957884,1493.3052611179,1469.90856032584,90.1963967097236,98.3923243269346,1223.2123155078,1283.53678791238,41.5964197328303,45.6452600505163,112.233538202068,148.643728080391,1012.07722069119,962.709018778524,998.501537903176,1066.8608084568,3.64082852790852,7.38550212925838
,37,1061.44433702866,1137.94660698206,1293.04281054677,1260.71886338533,1346.06989806866,1201.82425327043,563.472270825185,589.016280976683,1734.28905383078,1674.66695077529,2353.38366205849,2426.35581475838,1395.40112144325,1457.35402873913,1767.74032427548,1723.71981809597,731.424851207841,533.203856583699,948.116846998636,988.476467972397,1530.44289305458,1650.20689243974,2361.11920364692,2352.29767858175,985.747594860884,1201.16243392732,1220.11533442673,1165.97015090006,815.56705331902,767.321659449863,2106.33720380084,2262.84564571588,2118.86945345972,2101.98802192908,2525.22054737779,2284.88255601945,571.537920212932,521.244445752325,838.766312934907,787.344075568863,77.4986869497516,38.631719957395,959.754759852197,1026.27471986583,592.732961436821,1177.56967192364,1911.83376704241,1846.60267740968,264.782011955594,283.898056275896,1232.98128725137,1116.86056842348,1219.62199827312,1421.54146467634,1469.56275799446,1538.62043675438,128.132803598648,39.9079661901033,1333.84456535436,1215.31613314948,906.791096376988,1059.11137834529,1610.19986185708,1625.19232591147,803.240867319319,789.160629350262,2388.39681334196,2427.43231637748,1215.99907625625,1326.6273990542,1262.96738677498,1332.38156323069,1100.90062672206,1015.91571572609,1567.05851360365,1418.05744344787,75.0192626239186,110.059601282292,1688.38074573435,1665.11632997482,169.732485171613,184.589519975241,1427.31581977739,1501.71933798451,72.4967738287887,73.1767998042924,200.656925690972,276.860140123368,1217.62773904335,1157.17214522748,1227.04648008049,1305.67492064203,8.96672530394426,6.15437521510285
,38,1248.43303018973,1337.47054231029,1492.17621917526,1450.72456869529,1526.64903675122,1366.05358409484,745.59835535759,785.40624596078,1870.39485246291,1811.34906684951,2378.06592025675,2457.61229286785,1575.52627287567,1635.18552098988,1901.21054798369,1858.92582919572,958.709658529093,736.507641074154,1138.03956914292,1190.96966912632,1691.95828189719,1819.0272523913,2395.24528812286,2391.10890955195,1207.05249719514,1445.78196610358,1446.60094870361,1382.06049119254,1034.06028368982,978.077126205715,2134.88198831524,2296.67570488436,2212.19126282035,2257.16095092086,2600.27497847568,2356.98421000007,785.301461140439,724.806381370076,1058.69697609176,1012.96266911668,140.477128579631,71.3671603283437,1188.046787681,1267.37786573438,812.241235535892,1394.16615682815,2054.42214997386,1991.85584064393,414.274690517367,448.593094142804,1466.66136905909,1333.22424615155,1439.13377810633,1627.37729652423,1673.46713064697,1748.48785578178,244.163984859044,74.5760073472775,1559.73000011778,1412.69793849459,1111.01547946728,1298.38777929777,1796.78266613658,1818.96255615797,1032.1939062983,1010.58378467072,2426.48049175206,2471.71286043246,1421.79355055264,1539.54640032718,1461.45641948081,1550.21874164577,1321.01589186533,1235.91075570869,1721.81107386866,1564.96813562981,146.898744607694,218.145741805278,1861.30690725059,1834.06834276601,304.732610410295,323.600427529325,1611.49543323855,1691.1214740039,122.225338358316,133.401005801288,343.875626563847,424.91964436428,1406.65728808886,1335.81144519846,1438.06323897318,1529.56212812057,0.894053423884543,3.26999600705676
,39,1417.4328663926,1514.3002519779,1668.68887101886,1614.71348588402,1684.7259002248,1507.42638291924,930.335609793719,980.555681360171,1981.25144938252,1920.42673287747,2399.16391547314,2482.54995737904,1727.44242949891,1788.28385170193,2008.53145326571,1969.48949828163,1178.92828301538,944.719203816238,1309.45434159294,1373.63392735158,1828.59260427595,1962.95628518119,2427.02455318612,2423.92888898722,1407.07853503703,1674.30346998673,1651.06836713326,1576.85415806042,1242.44309871206,1184.95188089815,2161.74850672925,2328.61401113576,2281.51179327938,2387.1933436561,2659.61979136521,2412.21857672257,1009.02485291851,948.428782730458,1269.92398442861,1235.61457190076,265.358981143943,128.192766770018,1409.3034689102,1495.50912788739,1040.55813657072,1594.80483753758,2171.08083343409,2115.08570983534,600.243241397888,650.03464553086,1677.35024259209,1535.54459531753,1644.19409976207,1815.4034660283,1856.58239664942,1934.3837717307,392.041640460814,150.84834285623,1770.24482705241,1593.17901911969,1301.29911698446,1521.38442410376,1959.46986461884,1985.34959351866,1259.27993339745,1230.871531265,2464.06760322804,2508.74928103479,1604.67263523565,1732.63970342488,1640.28255867807,1746.7518956094,1529.3851158249,1445.30844801166,1856.24754966807,1691.19911385831,265.964706104894,355.917758464856,2010.53041888678,1978.35060593076,469.569398057601,491.430935619905,1772.09401258106,1855.85119663845,224.455888542076,242.515835066998,506.476947532277,601.235118012478,1580.42763556896,1498.41243111874,1630.76880696984,1733.6065746692,2.23122262881225,4.08302065702628
,40,1574.49649506542,1674.7917163419,1831.24520881323,1758.67676189736,1832.49712862326,1634.84909313324,1117.87632248185,1171.00015134584,2079.40450482905,2015.14780899164,2427.03275072817,2500.87649272106,1861.95895608007,1923.59470136128,2098.26920048477,2061.20653257285,1395.12815768744,1155.47106833916,1469.7270428791,1538.76088806706,1949.32581111629,2089.41059032875,2459.33343189628,2454.53935500306,1597.34741626896,1889.20161423301,1839.13565962193,1757.35399513135,1444.49095865291,1388.93857013599,2188.3401831381,2357.06810859004,2332.85655881434,2499.1774679195,2707.43861478207,2455.32726747625,1229.64175188967,1181.15127792284,1472.22672059056,1452.2938329934,405.025575102258,219.219395444667,1619.7160593254,1713.15305274139,1270.08919400835,1783.67239669199,2270.26204872908,2224.00579858455,804.106891126259,871.703300467412,1870.15584839724,1725.5560279574,1841.30241086353,1993.508458481,2025.83647564541,2106.19447354991,571.765770403959,278.674316278744,1967.30193124846,1761.32675585714,1480.94035456501,1728.14490403799,2106.14976368567,2134.52444638548,1482.15076028536,1448.39278894445,2500.15293976633,2538.20329976462,1773.43529886413,1912.565401136,1804.36661922395,1926.44133766007,1718.00775642329,1642.64727404538,1977.91915197314,1807.61129234858,405.409862171264,523.375651261025,2144.88775410501,2104.61180195682,664.24284811353,688.081044246983,1920.20545377329,2003.3752247271,340.34835949829,369.667958336764,688.460888596261,799.627163389938,1750.29251505164,1646.07448218678,1806.91458869333,1925.88596196474,5.34578696456811,4.52911822454189
