Accession_ID,kME_vals
Q9LXG1,0
Q9FLF0,0
P55935,0
B4PEU8,0
P52810,0
A6QLG5,0
P46781,0
Q6ZWN5,0
A9L913,0
P29314,0
Q20228,0
P05755,0
P14132,0
O13516,0
O59675,0
Q09757,0
Q3SZF8,0.963460465079811
P62316,0.963460465079811
P62317,0.963460465079811
Q9VI10,0.963460465079811
Q18786,0.963460465079811
Q54NC5,0.963460465079811
P90519,0.977004691455057
Q32PH8,0.977004691455057
Q05639,0.977004691455057
Q71V39,0.977004691455057
A2BN41,0.977004691455057
P62631,0.977004691455057
P62632,0.977004691455057
P0CY35,0.977004691455057
Q59QD6,0.977004691455057
Q92005,0.977004691455057
Q9YIC0,0.977004691455057
P28295,0.977004691455057
P13549,0.977004691455057
A2Q0Z0,0.977004691455057
P62629,0.977004691455057
P10126,0.977004691455057
P62630,0.977004691455057
P41752,0.977004691455057
Q90835,0.977004691455057
P68103,0.977004691455057
Q66RN5,0.977004691455057
P68104,0.977004691455057
Q5R1X2,0.977004691455057
Q5R4R8,0.977004691455057
P68105,0.977004691455057
Q04634,0.977004691455057
P53013,0.977004691455057
Q5VTE0,0.977004691455057
P41203,0.977004691455057
Q96WZ1,0.977004691455057
O42820,0.977004691455057
P08736,0.977004691455057
P02993,0.977004691455057
Q9HDF6,0.977004691455057
Q00080,0.977004691455057
P06805,0.977004691455057
P14864,0.977004691455057
Q9YAV0,0.977004691455057
P29520,0.977004691455057
P27592,0.977004691455057
A5DPE3,0.977004691455057
P17508,0.977004691455057
A8ABM5,0.977004691455057
P05303,0.977004691455057
O59949,0.977004691455057
P02994,0.977004691455057
P86934,0.977004691455057
P86939,0.977004691455057
P17507,0.977004691455057
P0CN31,0.977004691455057
P0CN30,0.977004691455057
P14865,0.977004691455057
P40911,0.977004691455057
Q08046,0.977004691455057
Q9Y713,0.977004691455057
P84321,0.977004691455057
P84322,0.977004691455057
P19039,0.977004691455057
P84319,0.977004691455057
P84317,0.977004691455057
P84320,0.977004691455057
P84318,0.977004691455057
P84315,0.977004691455057
P84316,0.977004691455057
Q26487,0.977004691455057
P17506,0.977004691455057
P50256,0.977004691455057
Q05746,0
P11144,0
P41753,0
P09446,0
P36415,0
P16019,0
Q6S4N2,0
Q27031,0
P09189,0
Q27975,0
P46587,0
Q27965,0
Q10265,0
Q9S9N1,0
Q7YQC6,0
P0DMV8,0
P0DMV9,0
Q557E0,0
Q5R7D3,0
O59855,0
P0DMW0,0
Q4U0F3,0
P0DMW1,0
P11145,0
Q9LHA8,0
A5A8V7,0
P05456,0
O65719,0
Q9U639,0
P22953,0
P0CB32,0
P37899,0
P34931,0
Q24789,0
P27541,0
P34930,0
Q4R888,0
Q07437,0
P26413,0
P27322,0
P17066,0
Q04967,0
Q5B2V1,0
P14834,0
Q01877,0
P18694,0
Q96W30,0
P24629,0
P16627,0
P55063,0
P53623,0
P22954,0
Q61696,0
P17879,0
P09435,0
Q9N1U2,0
Q9I8F9,0
P22202,0
P11147,0
Q01233,0
P17804,0
P02827,0
P19120,0
A2Q0Z1,0
P11142,0
P63017,0
Q5NVM9,0
P63018,0
Q71U34,0
Q9C7X7,0
Q3T025,0.947912132013166
Q9CPR4,0.947912132013166
P24049,0.947912132013166
Q5MGD1,0.947912132013166
A8CAG3,0.947912132013166
Q4KTG9,0.947912132013166
Q5UAS2,0.947912132013166
Q6XJ13,0.947912132013166
Q5XTY7,0.947912132013166
P18621,0.947912132013166
Q9W3W8,0.947912132013166
Q29IM3,0.947912132013166
P35267,0.947912132013166
Q5MIR6,0.947912132013166
Q1HR65,0.947912132013166
O48557,0.947912132013166
A0NGY0,0.947912132013166
P51413,0.947912132013166
Q93VI3,0.947912132013166
P35266,0.947912132013166
Q9BL19,0.947912132013166
Q0PXV9,0.947912132013166
A2I3Y6,0.947912132013166
Q4N4B9,0.947912132013166
Q4UF75,0.947912132013166
P37380,0.947912132013166
Q5I5J1,0.947912132013166
Q09JW2,0.947912132013166
P0DJ16,0.947912132013166
Q7RBT0,0
Q8IJD4,0
Q4XZN2,0
Q4Z694,0
Q8MPF7,0
B3L230,0
A5KE24,0
Q4U8U5,0
Q4N1J1,0
Q24154,0.951504720124869
Q58DW3,0.951504720124869
Q95281,0.951504720124869
Q8HXB8,0.951504720124869
P47914,0.951504720124869
Q9M7X7,0.951504720124869
P25886,0.951504720124869
Q84WM0,0.951504720124869
P47915,0.951504720124869
Q92366,0.951504720124869
P46793,0.940583403232877
Q76I82,0.940583403232877
P62244,0.940583403232877
P62245,0.940583403232877
P62246,0.940583403232877
Q6Q420,0.940583403232877
Q5R938,0.940583403232877
Q9AT34,0.940583403232877
P42798,0.940583403232877
Q00332,0.940583403232877
P48149,0.940583403232877
Q6XIM8,0.940583403232877
Q7RV75,0.940583403232877
Q9LX88,0.940583403232877
Q90YQ8,0.940583403232877
Q7KR04,0.940583403232877
P33095,0.940583403232877
Q752J5,0.940583403232877
Q6CW21,0.940583403232877
P33953,0.940583403232877
P0C0W1,0.940583403232877
P46793,0.977793479425676
Q76I82,0.977793479425676
P62244,0.977793479425676
P62245,0.977793479425676
P62246,0.977793479425676
Q6Q420,0.977793479425676
Q5R938,0.977793479425676
Q9AT34,0.977793479425676
P42798,0.977793479425676
Q00332,0.977793479425676
P48149,0.977793479425676
Q6XIM8,0.977793479425676
Q7RV75,0.977793479425676
Q9LX88,0.977793479425676
Q90YQ8,0.977793479425676
Q7KR04,0.977793479425676
P33095,0.977793479425676
Q752J5,0.977793479425676
Q6CW21,0.977793479425676
P33953,0.977793479425676
P0C0W1,0.977793479425676
P18101,0
P46575,0
P0CH06,0
P0CH07,0
B9DHA6,0
Q42202,0
P49633,0
P63048,0
P63050,0
P63052,0
P62987,0
P0C273,0
P62984,0
P0C224,0
P68205,0
P63053,0
P0C275,0
P62986,0
P0C276,0
P0CH34,0
P0CH08,0
P0CH35,0
P0CH09,0
P49632,0
P49636,0
P51423,0
P14794,0
P40909,0
P0CH11,0
P0CH10,0
P33190,0
P0DJ25,0
P18101,0.957620929684347
P0CH06,0.957620929684347
P0CH07,0.957620929684347
B9DHA6,0.957620929684347
Q42202,0.957620929684347
P49633,0.957620929684347
P63048,0.957620929684347
P63050,0.957620929684347
P63052,0.957620929684347
P62987,0.957620929684347
P0C273,0.957620929684347
P62984,0.957620929684347
P0C224,0.957620929684347
P68205,0.957620929684347
P63053,0.957620929684347
P0C275,0.957620929684347
P62986,0.957620929684347
P0C276,0.957620929684347
P0CH34,0.957620929684347
P0CH08,0.957620929684347
P0CH35,0.957620929684347
P0CH09,0.957620929684347
P49632,0.957620929684347
P49636,0.957620929684347
P14794,0.957620929684347
P46575,0.957620929684347
P51423,0.957620929684347
P40909,0.957620929684347
P0CH11,0.957620929684347
P0CH10,0.957620929684347
P33190,0.957620929684347
P0DJ25,0.957620929684347
Q8MPF7,0.975184023991539
Q8IJD4,0.975184023991539
Q7RBT0,0.975184023991539
Q4Z694,0.975184023991539
B3L230,0.975184023991539
Q4XZN2,0.975184023991539
A5KE24,0.975184023991539
Q4U8U5,0.975184023991539
Q4N1J1,0.975184023991539
Q5CPC9,0.975184023991539
O80377,0.975184023991539
B6K180,0.975184023991539
Q8H173,0.975184023991539
O22518,0.975184023991539
Q90YR8,0.975147690300997
Q9U761,0.975147690300997
P47838,0.975147690300997
Q9BMX5,0.975147690300997
Q5E995,0.975147690300997
P05752,0.975147690300997
Q9C0Z7,0.975147690300997
P62753,0.975147690300997
Q4R4K6,0.975147690300997
P62754,0.975147690300997
P62755,0.975147690300997
P39017,0.975147690300997
Q9U762,0.975147690300997
P29327,0.975147690300997
O48549,0.975147690300997
P51430,0.975147690300997
O01727,0.975147690300997
Q95V32,0.975147690300997
Q9M3V8,0.975147690300997
Q2PQM1,0.975147690300997
Q94624,0.975147690300997
Q6BXH8,0.975147690300997
Q9YGF2,0.975147690300997
Q74ZK3,0.975147690300997
P0CX37,0.975147690300997
P0CX38,0.975147690300997
Q6CM04,0.975147690300997
P41798,0.975147690300997
O44001,0.943945580509001
P24724,0.943945580509001
Q4UDU8,0.943945580509001
Q69QQ6,0.943945580509001
Q07078,0.943945580509001
P36181,0.943945580509001
P51818,0.943945580509001
P27323,0.943945580509001
A2YWQ1,0.943945580509001
Q0J4P2,0.943945580509001
P55737,0.943945580509001
P51819,0.943945580509001
O44001,0.679145187909679
P27323,0.679145187909679
P55737,0.679145187909679
P51818,0.679145187909679
A2YWQ1,0.679145187909679
Q0J4P2,0.679145187909679
Q69QQ6,0.679145187909679
Q07078,0.679145187909679
O03986,0.679145187909679
P42644,0.974820136575098
P29305,0.974820136575098
O49997,0.974820136575098
Q6ZKC0,0.974820136575098
Q96453,0.974820136575098
P42645,0.974820136575098
Q96300,0.974820136575098
Q96450,0.974820136575098
P93259,0.974820136575098
Q06967,0.974820136575098
Q9SP07,0.974820136575098
Q6EUP4,0.974820136575098
P42656,0.974820136575098
P48347,0.974820136575098
Q7XTE8,0.974820136575098
P93784,0.974820136575098
P93211,0.974820136575098
P92177,0.974820136575098
O49995,0.974820136575098
P48348,0.974820136575098
P49106,0.974820136575098
P93212,0.974820136575098
Q43470,0.974820136575098
Q9S9Z8,0.974820136575098
Q41418,0.974820136575098
P42652,0.974820136575098
P42654,0.974820136575098
Q01526,0.974820136575098
P29307,0.974820136575098
P34730,0.974820136575098
Q25538,0.974820136575098
P93208,0.974820136575098
P46266,0.974820136575098
P42657,0.974820136575098
Q96452,0.974820136575098
P93343,0.974820136575098
P52908,0.974820136575098
P29311,0.974820136575098
Q9C5W6,0.974820136575098
O49998,0.974820136575098
P46077,0.974820136575098
P54632,0.974820136575098
B8NLM9,0.974820136575098
O65352,0.974820136575098
Q99002,0.974820136575098
P62261,0.974820136575098
Q5ZMT0,0.974820136575098
P62258,0.974820136575098
P62259,0.974820136575098
P62260,0.974820136575098
P62262,0.974820136575098
O42766,0.974820136575098
P42653,0.974820136575098
P42643,0.974820136575098
Q01525,0.974820136575098
P93214,0.974820136575098
P93207,0.974820136575098
P93209,0.974820136575098
P48349,0.974820136575098
O96436,0.974820136575098
P93213,0.974820136575098
P93342,0.974820136575098
P93210,0.974820136575098
Q41246,0.974820136575098
P42650,0.974820136575098
Q2F637,0.974820136575098
P93206,0.974820136575098
Q96299,0.974820136575098
Q96451,0.974820136575098
O49996,0.974820136575098
Q43643,0.974820136575098
Q2R2W2,0.974820136575098
P42648,0.974820136575098
Q5PRD0,0.974820136575098
Q9N9V4,0.974553356708235
Q56JX5,0.974553356708235
P62851,0.974553356708235
P62852,0.974553356708235
P62853,0.974553356708235
Q6Q311,0.974553356708235
Q6PBI5,0.974553356708235
Q03409,0.974553356708235
Q90YP9,0.974553356708235
Q8ISN9,0.974553356708235
P48588,0.974553356708235
Q9T029,0.974553356708235
Q8GYL5,0.974553356708235
P35687,0.803443629159486
Q41852,0.803443629159486
Q9SMI2,0.803443629159486
P05764,0.803443629159486
Q4WI01,0.803443629159486
Q6CXT6,0.803443629159486
Q3E754,0.803443629159486
P0C0V8,0.803443629159486
Q3E902,0.803443629159486
Q75BL6,0.803443629159486
Q6FMF8,0.803443629159486
Q54BN4,0.803443629159486
P27085,0.977587820304648
Q9UTG4,0.977587820304648
Q56JV1,0.977587820304648
P62854,0.977587820304648
P61251,0.977587820304648
P62855,0.977587820304648
P49171,0.977587820304648
P62856,0.977587820304648
O93931,0.977587820304648
P30742,0.977587820304648
Q6Q312,0.977587820304648
Q9GT45,0.977587820304648
P21772,0.977587820304648
Q9UT56,0.977587820304648
O45499,0.977587820304648
P13008,0.977587820304648
P39938,0.977587820304648
P39939,0.977587820304648
P49216,0.977587820304648
P59271,0.934763035403235
P15357,0.934763035403235
P59271,0.967007230147852
P15357,0.967007230147852
P31674,0.978707804571688
Q945U1,0.978707804571688
O65059,0.978707804571688
Q08112,0.978707804571688
P20342,0.978707804571688
Q9FY64,0.978707804571688
Q9FY65,0.978707804571688
Q56K10,0.978707804571688
P62846,0.978707804571688
P62841,0.978707804571688
P62842,0.978707804571688
P62843,0.978707804571688
P62844,0.978707804571688
Q5RDI7,0.978707804571688
P62845,0.978707804571688
P70066,0.978707804571688
Q9FY66,0.978707804571688
Q9FIX6,0.978707804571688
P34737,0.978707804571688
Q3T0U2,0.981797209384791
A1XQU3,0.981797209384791
P50914,0.981797209384791
Q3T0U2,0.958989800650248
A1XQU3,0.958989800650248
P50914,0.958989800650248
Q71G51,0.960276268015533
P10873,0.960276268015533
Q08114,0.960276268015533
P28287,0.960276268015533
P41351,0.960276268015533
P10872,0.960276268015533
Q9ZRJ4,0.960276268015533
P09204,0.960276268015533
P11481,0.960276268015533
P09243,0.960276268015533
P14642,0.960276268015533
P33629,0.960276268015533
Q40832,0.960276268015533
Q6VAF9,0.960276268015533
P28268,0.960276268015533
P09205,0.960276268015533
Q6VAG0,0.960276268015533
P46259,0.960276268015533
P12543,0.960276268015533
P33623,0.960276268015533
Q6VAG1,0.960276268015533
P11237,0.960276268015533
P33625,0.960276268015533
Q9FT36,0.960276268015533
B9DGT7,0.960276268015533
Q9ZRR5,0.960276268015533
Q0WV25,0.960276268015533
Q25563,0.960276268015533
P29511,0.960276268015533
P04106,0.960276268015533
P14640,0.960276268015533
P14641,0.960276268015533
Q96460,0.960276268015533
Q9ZRB7,0.960276268015533
Q40831,0.960276268015533
Q27352,0.960276268015533
P50258,0.960276268015533
O22347,0.960276268015533
Q53M52,0.960276268015533
Q56WH1,0.960276268015533
B9DHQ0,0.960276268015533
P33627,0.960276268015533
O22349,0.960276268015533
Q43473,0.960276268015533
P07304,0.960276268015533
P28752,0.960276268015533
Q02245,0.960276268015533
P68362,0.960276268015533
Q71U36,0.960276268015533
P68369,0.960276268015533
A5A6J1,0.960276268015533
P68370,0.960276268015533
P41383,0.960276268015533
P81947,0.960276268015533
P68361,0.960276268015533
P68363,0.960276268015533
Q4R538,0.960276268015533
P68360,0.960276268015533
P05213,0.960276268015533
Q2XVP4,0.960276268015533
Q6P9V9,0.960276268015533
P11480,0.960276268015533
Q2HJ86,0.960276268015533
P36220,0.960276268015533
Q5R1W4,0.960276268015533
P02550,0.960276268015533
P18288,0.960276268015533
P18258,0.960276268015533
P06603,0.960276268015533
P0DPH7,0.960276268015533
P0DPH8,0.960276268015533
P05214,0.960276268015533
Q68FR8,0.960276268015533
Q3ZCJ7,0.960276268015533
P68365,0.960276268015533
P68373,0.960276268015533
Q9BQE3,0.960276268015533
Q6AYZ1,0.960276268015533
Q32KN8,0.960276268015533
P52273,0.960276268015533
Q8T6A5,0.960276268015533
P06605,0.960276268015533
P22275,0.960276268015533
P04105,0.960276268015533
Q38771,0.960276268015533
P08537,0.960276268015533
P11139,0.960276268015533
Q94572,0.960276268015533
Q91060,0.960276268015533
Q6PEY2,0.960276268015533
Q28IX8,0.960276268015533
O22348,0.960276268015533
P06604,0.960276268015533
Q940B0,0.91970283626887
P42791,0.91970283626887
O65729,0.91970283626887
O22254,0.91970283626887
P12001,0.91970283626887
Q8QGH2,0.928871951353718
P55857,0.928871951353718
Q5E9D1,0.928871951353718
P63165,0.928871951353718
Q2EF74,0.928871951353718
P63166,0.928871951353718
A7WLH8,0.928871951353718
Q5R6J4,0.928871951353718
Q5I0H3,0.928871951353718
Q9MZD5,0.928871951353718
P55852,0.928871951353718
Q9PT08,0.928871951353718
Q5EAX4,0.928871951353718
Q6DEP7,0.928871951353718
Q9FLP6,0.928871951353718
O57686,0.928871951353718
Q8TGM7,0
Q8TGM7,0
Q8TGM7,0
Q8TGM7,0
Q8TGM7,0.537482040743988
P62784,0
P62776,0
P62782,0
P62780,0
P62777,0
P62778,0
P62781,0
P62779,0
P27996,0
P62783,0
Q27443,0
P08436,0
Q9HDF5,0
P50566,0
Q8I0Y4,0
Q27765,0
P84048,0
P84047,0
P62803,0
P62800,0
Q7KQD1,0
P62801,0
P84046,0
P84041,0
P84042,0
Q76FE7,0
P84040,0
Q76FF1,0
Q76FD9,0
P84043,0
Q76FF5,0
P84044,0
P62805,0
Q4R362,0
P62806,0
P84049,0
Q6WV73,0
Q7K8C0,0
Q6WV90,0
Q6WV72,0
P62797,0
P62796,0
P62802,0
P62795,0
Q5RCS7,0
P62804,0
P84050,0
P84045,0
P62794,0
P62798,0
P62799,0
Q28DR4,0
P35059,0
Q6LAF1,0
Q43083,0
P02309,0
Q8NIG3,0
Q71V09,0
Q6WV74,0
Q6V9I2,0
P35057,0
P62785,0
P62786,0
P62793,0
P59259,0
Q6PMI5,0
Q6WZ83,0
Q6LAF3,0
P62887,0
P62787,0
P62788,0
P62792,0
Q76H85,0
P0CG89,0
Q757K0,0
Q75AX1,0
P82888,0
Q8J1L3,0
Q6ZXX3,0
P70081,0
Q8MTV8,0
P23751,0
Q8NIQ8,0
P91882,0
P09322,0
P23750,0
Q711M0,0
Q7LKT3,0
Q76MU7,0
P04914,0
P04915,0
P91849,0
Q8T7J8,0
P83865,0
Q41811,0
Q9U7D0,0
P91890,0
Q7XWK5,0.94455232018456
A2XQE8,0.94455232018456
Q9LT78,0.94455232018456
P25250,0.94455232018456
Q9FMH8,0.94455232018456
P25249,0.94455232018456
O65493,0.94455232018456
Q9LM66,0.94455232018456
P25776,0.94455232018456
P43297,0.94455232018456
Q9FJ47,0.94455232018456
P14080,0.94455232018456
P25777,0.94455232018456
Q94B08,0.94455232018456
P25803,0.94455232018456
Q9LT78,0.923419105332641
Q9FJ47,0.923419105332641
P25777,0.923419105332641
O65039,0.923419105332641
A2XQE8,0.923419105332641
Q7XWK5,0.923419105332641
Q9FMH8,0.923419105332641
Q9FGR9,0.923419105332641
O65493,0.923419105332641
P43156,0.923419105332641
Q9STL4,0.923419105332641
P25803,0.923419105332641
Q7XR52,0.923419105332641
P12412,0.923419105332641
P43297,0.923419105332641
P60994,0.923419105332641
P25776,0.923419105332641
Q94B08,0.923419105332641
P25251,0.923419105332641
P20721,0.923419105332641
Q9LT77,0.923419105332641
Q9STL5,0.923419105332641
P0CY35,0
Q59QD6,0
A5DPE3,0
O42820,0
P29520,0
Q9YIC0,0
Q96WZ1,0
P40911,0
P19039,0
Q07051,0
O59949,0
P0CN31,0
P0CN30,0
Q9HDF6,0
P05303,0
Q01372,0
P06805,0
P14864,0
Q00251,0
P02994,0
Q09069,0
P41745,0
P86934,0
P86939,0
P86933,0
P08736,0
Q32PH8,0
Q05639,0
P62631,0
Q71V39,0
P62632,0
P41752,0
Q92005,0
Q01520,0
P0CT53,0
P0CT54,0
P0CT55,0
P28295,0
P02993,0
P13549,0
Q01765,0
P27592,0
P68103,0
P62629,0
Q66RN5,0
A2Q0Z0,0
P68104,0
P10126,0
Q5R1X2,0
Q5R4R8,0
P68105,0
P62630,0
Q5VTE0,0
Q9Y713,0
P34825,0
P50256,0
Q8LPC4,0
Q6EV23,0.984098599358217
Q962Q7,0.984098599358217
Q8T3U2,0.984098599358217
Q9GRJ3,0.984098599358217
Q86FP7,0.984098599358217
Q9HE74,0.984098599358217
Q873W8,0.984098599358217
P46297,0.984098599358217
P90707,0.984098599358217
Q9M5Z9,0.984098599358217
P49201,0.984098599358217
Q8I7D5,0.984098599358217
P0CT75,0.984098599358217
P0CT76,0.984098599358217
Q3T199,0.984098599358217
P62298,0.984098599358217
P62266,0.984098599358217
Q90YQ1,0.984098599358217
P62267,0.984098599358217
P62268,0.984098599358217
Q9SF35,0.984098599358217
P0CY39,0.984098599358217
P0CX29,0.984098599358217
P0CY40,0.984098599358217
P0CX30,0.984098599358217
Q19877,0.984098599358217
Q6FLA8,0.984098599358217
Q6SA96,0.984098599358217
Q6YIA3,0.984098599358217
Q6EV23,0.98580704168437
Q962Q7,0.98580704168437
Q8T3U2,0.98580704168437
Q9GRJ3,0.98580704168437
Q86FP7,0.98580704168437
Q9HE74,0.98580704168437
Q873W8,0.98580704168437
P46297,0.98580704168437
P90707,0.98580704168437
Q9M5Z9,0.98580704168437
P49201,0.98580704168437
Q8I7D5,0.98580704168437
P0CT75,0.98580704168437
P0CT76,0.98580704168437
Q3T199,0.98580704168437
P62298,0.98580704168437
P62266,0.98580704168437
Q90YQ1,0.98580704168437
P62267,0.98580704168437
P62268,0.98580704168437
Q9SF35,0.98580704168437
P0CY39,0.98580704168437
P0CX29,0.98580704168437
P0CY40,0.98580704168437
P0CX30,0.98580704168437
Q19877,0.98580704168437
Q6FLA8,0.98580704168437
Q6SA96,0.98580704168437
Q6YIA3,0.98580704168437
P07926,0.966784076297065
Q5RAP9,0.966784076297065
Q06056,0.966784076297065
Q9U505,0.966784076297065
Q3T4E5,0.966784076297065
A1XQS5,0.966784076297065
Q06055,0.966784076297065
P32876,0.966784076297065
P05496,0.966784076297065
Q9CR84,0.966784076297065
Q06645,0.966784076297065
P17605,0.966784076297065
P56383,0.966784076297065
Q06646,0.966784076297065
Q3ZC75,0.966784076297065
P48201,0.966784076297065
P56384,0.966784076297065
Q5RFL2,0.966784076297065
Q71S46,0.966784076297065
Q85Q98,0.966784076297065
Q0H8W9,0.966784076297065
Q01554,0.966784076297065
A8XDX2,0.966784076297065
Q9BKS0,0.966784076297065
Q37695,0.966784076297065
P48880,0.966784076297065
P07926,0.868764559992673
Q5RAP9,0.868764559992673
Q06056,0.868764559992673
Q9U505,0.868764559992673
Q3T4E5,0.868764559992673
A1XQS5,0.868764559992673
Q06055,0.868764559992673
P32876,0.868764559992673
P05496,0.868764559992673
Q9CR84,0.868764559992673
Q06645,0.868764559992673
P17605,0.868764559992673
P56383,0.868764559992673
Q06646,0.868764559992673
Q3ZC75,0.868764559992673
P48201,0.868764559992673
P56384,0.868764559992673
Q5RFL2,0.868764559992673
Q71S46,0.868764559992673
Q85Q98,0.868764559992673
Q0H8W9,0.868764559992673
Q01554,0.868764559992673
A8XDX2,0.868764559992673
Q9BKS0,0.868764559992673
Q37695,0.868764559992673
P48880,0.868764559992673
O82528,0
Q8VYF1,0
O65082,0
O23515,0
O65050,0
Q22A30,0
Q8X034,0
Q86K01,0
Q5EAD6,0
E2QXF3,0
P61313,0
Q4R5B2,0
Q9CZM2,0
Q5NVE0,0
P61314,0
P30736,0
Q7T3N8,0
Q7T3N1,0
Q9US22,0
O74895,0
P61369,0
Q7T3N2,0
Q7T3N7,0
Q90YV2,0
Q7T3M9,0
Q7T3P1,0
Q7T3P0,0
P52818,0
Q7T3N9,0
P61368,0
Q7T3N4,0
Q7T2N4,0
Q7T3N6,0
P61367,0
P54780,0
O17445,0
Q7T3N3,0
P05748,0
Q7T2N5,0
P34843,0
O99255,0
O99252,0
P14575,0
Q02766,0
Q36675,0
Q9B6D8,0
O99818,0
P68540,0
P60620,0
P24794,0
P08742,0
P26856,0
P14578,0
P60621,0
P05502,0
P68539,0
P50668,0
P50669,0
P67793,0
P67794,0
Q35101,0
O99256,0
O99253,0
Q02768,0
O63696,0
Q02766,0
Q02766,0
O99252,0
O99252,0
O99255,0
O99255,0
Q9B6D8,0
Q02654,0
P00421,0
O99252,0
Q02766,0
O99255,0
O99256,0
O99253,0
O63696,0
Q02768,0
Q35522,0
P48876,0
P48875,0
O99252,0
O99252,0
Q02766,0
Q02766,0
O99255,0
O99255,0
O99252,0
O99252,0
O99255,0
O99255,0
Q02766,0
Q02766,0
P80440,0
P80440,0
Q02766,0.844235641437009
O99252,0.844235641437009
O99255,0.844235641437009
O99256,0.844235641437009
O99253,0.844235641437009
Q02768,0.844235641437009
O63696,0.844235641437009
Q9B6D8,0.844235641437009
Q02654,0.844235641437009
P00421,0.844235641437009
Q02766,0
O99252,0
O99255,0
O99256,0
O99253,0
O63696,0
Q02768,0
Q35522,0
P48876,0
P48875,0
Q6P6R2,0
Q60HG3,0
Q8CIZ7,0
P09622,0
P09623,0
P49819,0
O08749,0
Q5R4B1,0
Q811C4,0
O17953,0
O18480,0
P34788,0.976588828521753
Q962R1,0.976588828521753
Q8ISP0,0.976588828521753
Q8IT98,0.976588828521753
Q8JGS9,0.976588828521753
Q90YQ5,0.976588828521753
Q3T0R1,0.976588828521753
Q5TJE9,0.976588828521753
A5JST6,0.976588828521753
P62269,0.976588828521753
P62270,0.976588828521753
P62272,0.976588828521753
P62271,0.976588828521753
P41094,0.976588828521753
P0CT66,0.976588828521753
P0CT67,0.976588828521753
P0CX55,0.976588828521753
P0CX56,0.976588828521753
P49202,0.976588828521753
Q02766,0
O99255,0
O99252,0
P62866,0.831792267068225
P62860,0.831792267068225
P62861,0.831792267068225
P62862,0.831792267068225
P62867,0.831792267068225
P62863,0.831792267068225
P0C2F0,0.831792267068225
P62864,0.831792267068225
O96269,0.831792267068225
P49689,0.831792267068225
Q9Y3B4,0.897477250049593
P59708,0.897477250049593
Q9VRV7,0.897477250049593
Q8ITY4,0.897477250049593
Q9FMP4,0.897477250049593
P52717,0
P16675,0
Q3MI05,0
P10619,0
Q09991,0
Q9ZQQ0,0
P52715,0
P55748,0
Q9SFB5,0
Q02766,0
O99252,0
O99255,0
Q34345,0
P00399,0
Q34391,0
Q34388,0
P00400,0
Q37705,0
P34838,0
Q36421,0
B0FWC7,0
P33504,0
P50669,0
P67793,0
P67794,0
P50668,0
Q36724,0
O03539,0
O03554,0
O79429,0
O21399,0
Q6EMS9,0
Q5Y4Q8,0
P00396,0
Q94WR7,0
Q9ZZ64,0
Q1HKA1,0
P48888,0
O78749,0
Q36347,0
P41310,0
O03198,0
P92661,0
O03515,0
P24984,0
P92477,0
Q9ZZY9,0
P48659,0
O79876,0
Q96062,0
O03521,0
Q6EGJ1,0
Q6EGH9,0
Q6EGH8,0
Q6EGI5,0
Q6EGI2,0
Q6EGI4,0
Q6EGI0,0
O03546,0
Q6EGJ0,0
Q6EGI3,0
Q00527,0
O21327,0
Q36452,0
Q6EGH7,0
O03524,0
O99818,0
Q599A1,0
P41293,0
P38595,0
Q8LX30,0
P15544,0
P24983,0
Q35536,0
O78681,0
O03167,0
P00397,0
P05503,0
Q9ZZM6,0
Q4JQI5,0
P00398,0
Q36775,0
P12700,0
Q9ZZ52,0
Q9MIY8,0
Q8W9N4,0
P00395,0
Q7GEN7,0
Q34800,0
Q9T9W1,0
P48170,0
P34188,0
Q9T9X0,0
P24985,0
Q95911,0
P92692,0
O79403,0
Q2I3H2,0
Q9TA27,0
Q38PS0,0
O99041,0
P82968,0
P0DKM7,0
P82968,0
O99818,0
A9RAH5,0
P07657,0
Q6INF3,0
Q6DJI4,0
P05389,0
P02401,0
P90703,0
P42899,0
P05387,0
P99027,0
Q6X9Z5,0
P02399,0
Q29315,0
O01725,0
Q7QCK2,0
Q1HR79,0
Q5MIP6,0
Q60FS1,0
Q5MGM6,0
Q75VN3,0
Q9SCM3,0.978471864244083
Q8L8Y0,0.978471864244083
Q93VB8,0.978471864244083
P49688,0.978471864244083
P31009,0.978471864244083
P27685,0.978471864244083
P49154,0.978471864244083
O74892,0.978471864244083
Q90YS3,0.978471864244083
P51403,0.978471864244083
P25444,0.978471864244083
P27952,0.978471864244083
O18789,0.978471864244083
P15880,0.978471864244083
O43992,0.978471864244083
P80455,0
Q9LF30,0.962937014890247
Q9SGA6,0.962937014890247
Q9FNP8,0.962937014890247
P40978,0.962937014890247
Q8T5Z4,0.962937014890247
Q94613,0.962937014890247
Q9FGZ9,0.930586920846684
Q3T0Z3,0.930586920846684
Q9BZL1,0.930586920846684
Q6EGX7,0.930586920846684
Q9EPV8,0.930586920846684
Q791B0,0.930586920846684
Q7SXF2,0.930586920846684
Q0PXX8,0
A2I3Z2,0
A3RLT6,0
P38981,0
Q5UAP4,0
P26452,0
P50890,0
Q2L9X0,0
P38982,0
P08865,0
P14206,0
Q4GWZ2,0
P38983,0
A6YRY8,0
B5FXT6,0
Q3ZM03,0
Q6P8D1,0
P38980,0
B4NPT0,0
A6NA00,0
B3P9J3,0
P38979,0
B4I9F6,0
Q0H6L1,0
Q0H6L0,0
B4PY37,0
Q803F6,0
B4GTK1,0
Q29J14,0
B4JXG8,0
B4L760,0
B4MB32,0
Q7PZ81,0
Q90YS4,0
B3MRX2,0
Q4QY71,0
B3RPX6,0
Q16ZR8,0
B5DGB6,0
A7RKS5,0
A2Q0U8,0
Q5NQY1,0.966994591383764
A3N3R0,0.966994591383764
B3H342,0.966994591383764
B0BTZ7,0.966994591383764
P57912,0.966994591383764
Q4RGM4,0.966994591383764
Q7VN53,0.966994591383764
Q0I0X7,0.966994591383764
B0UUW9,0.966994591383764
Q8D2F0,0.966994591383764
B8F859,0.966994591383764
Q14G25,0.966994591383764
A7NAM3,0.966994591383764
Q2A4R2,0.966994591383764
B2SFL4,0.966994591383764
A0Q4S3,0.966994591383764
Q0BN38,0.966994591383764
Q5NEM2,0.966994591383764
A4IWH6,0.966994591383764
Q54YX7,0.966994591383764
A6VKA0,0.966994591383764
Q65R60,0.966994591383764
Q058B9,0.966994591383764
Q4QLV7,0.966994591383764
A5UDB8,0.966994591383764
A5UI92,0.966994591383764
P44369,0.966994591383764
B0U0G0,0.966994591383764
A1WZG4,0.966994591383764
Q8KA34,0.966994591383764
Q5QZC4,0.966994591383764
P57187,0.966994591383764
B8D8N9,0.966994591383764
B8D6Z3,0.966994591383764
Q98LW4,0.966994591383764
Q0IWL9,0.892756663095712
P62866,0.970174991317603
P62860,0.970174991317603
P62861,0.970174991317603
P62862,0.970174991317603
P62867,0.970174991317603
P62863,0.970174991317603
P0C2F0,0.970174991317603
P62864,0.970174991317603
P49689,0.970174991317603
O96269,0.970174991317603
Q9SPE6,0
P93798,0
Q9M5P8,0
Q4N655,0.919470544779578
Q4UDE7,0.919470544779578
Q5EY89,0.919470544779578
Q8TD57,0
Q8BW94,0
P31696,0
P25304,0
P35268,0.976150969418719
P47198,0.976150969418719
Q4R5I3,0.976150969418719
P67984,0.976150969418719
P67985,0.976150969418719
P50886,0.976150969418719
Q28IL6,0.976150969418719
P13732,0.976150969418719
Q90YU6,0.976150969418719
Q9M9W1,0.976150969418719
Q9FE58,0.976150969418719
Q98TF8,0.976150969418719
P52865,0.976150969418719
P02402,0.91609930112853
Q6EV23,0
Q962Q7,0
Q8T3U2,0
Q86FP7,0
Q9GRJ3,0
Q4HXF6,0.943040170412739
Q9P3X9,0.943040170412739
Q9CR16,0.943040170412739
Q9LY75,0.943040170412739
Q6DGG0,0.943040170412739
Q08752,0.943040170412739
P26882,0.943040170412739
Q13427,0.943040170412739
A2AR02,0.943040170412739
O55035,0.943040170412739
P73789,0.943040170412739
Q5U8Z7,0.943040170412739
Q5B4E7,0.943040170412739
P0C1I1,0.943040170412739
Q4WIF3,0.943040170412739
Q5ACI8,0.943040170412739
Q6BXZ7,0.943040170412739
Q2U0E0,0.943040170412739
Q27450,0.943040170412739
Q54SN4,0.957167504304531
O42248,0.949873891566127
O42249,0.949873891566127
Q4R7Y4,0.949873891566127
P63243,0.949873891566127
P63247,0.949873891566127
P63244,0.949873891566127
P68040,0.949873891566127
P63246,0.949873891566127
P63245,0.949873891566127
P25387,0.949873891566127
Q93134,0.949873891566127
Q25189,0.949873891566127
O24076,0.949873891566127
Q21215,0.949873891566127
Q01369,0.949873891566127
Q9C4Z6,0.949873891566127
O18640,0.949873891566127
Q39836,0.949873891566127
P49026,0.949873891566127
O24456,0.949873891566127
P93340,0.949873891566127
Q9LV28,0.949873891566127
Q39336,0.949873891566127
P49027,0.949873891566127
Q5TYW6,0.958169930004732
Q56YP2,0
Q8L796,0
Q9M1K2,0
P62924,0.978421150016836
P62925,0.978421150016836
O94083,0.978421150016836
P10160,0.978421150016836
Q9GU68,0.978421150016836
Q9C505,0.978421150016836
Q6EWQ7,0.978421150016836
P63241,0.978421150016836
P63242,0.978421150016836
Q3T1J1,0.978421150016836
P23301,0.978421150016836
Q93VP3,0.978421150016836
Q9AXQ5,0.978421150016836
P56335,0.978421150016836
Q9AXQ7,0.978421150016836
P56333,0.978421150016836
P19211,0.978421150016836
P56336,0.978421150016836
Q9AXQ4,0.978421150016836
Q9XI91,0.978421150016836
P56289,0.978421150016836
P24922,0.978421150016836
Q6IS14,0.978421150016836
Q9AXJ4,0.978421150016836
Q9AXQ3,0.978421150016836
Q9AXQ6,0.978421150016836
Q9UST4,0.978421150016836
P56337,0.978421150016836
Q945F4,0.978421150016836
P13651,0.978421150016836
P58374,0.829803122538805
Q9SDG6,0.829803122538805
P58375,0.829803122538805
P58372,0.829803122538805
P58374,0.956950307266535
Q3T0D5,0.956950307266535
P67883,0.956950307266535
P62888,0.956950307266535
Q76KA2,0.956950307266535
P62889,0.956950307266535
P67884,0.956950307266535
P62890,0.956950307266535
P58372,0.956950307266535
P58375,0.956950307266535
Q6C4U7,0.956950307266535
Q9LSA3,0.956950307266535
Q9UTP0,0.956950307266535
Q9SDG6,0.956950307266535
Q8VZ19,0.956950307266535
Q752U5,0.956950307266535
O49884,0.956950307266535
P52808,0.956950307266535
O60052,0
B3PWT5,0
Q2K9K2,0
Q1GPB3,0
Q5NQ51,0
Q92QF6,0
A5V5Y8,0
C3MAZ4,0
B6IRS0,0
Q16AD0,0
Q5LW44,0
P46757,0
P93819,0.949537060319309
Q21K60,0.949537060319309
P57106,0.949537060319309
Q9FSF0,0.949537060319309
P11708,0.949537060319309
O88989,0.949537060319309
Q9SML8,0.949537060319309
Q3T145,0.949537060319309
P14152,0.949537060319309
C5BU70,0.949537060319309
Q0VQ52,0.949537060319309
P40925,0.949537060319309
Q6PAB3,0.949537060319309
Q7YRU4,0.949537060319309
O24047,0.949537060319309
Q6DIY9,0.949537060319309
Q9SGA6,0.968150380161197
Q9LF30,0.968150380161197
Q9FNP8,0.968150380161197
Q94613,0.968150380161197
Q8T5Z4,0.968150380161197
P58234,0.968150380161197
P79016,0.968150380161197
Q90YQ4,0.968150380161197
Q10101,0.917735398340535
P02362,0.917735398340535
A6H769,0.917735398340535
Q5RT64,0.917735398340535
P62081,0.917735398340535
P62082,0.917735398340535
P62083,0.917735398340535
P33514,0.917735398340535
Q9ZNS1,0.917735398340535
Q962S0,0.917735398340535
P50894,0.917735398340535
Q9NB21,0.917735398340535
P62084,0.917735398340535
Q8LD03,0.917735398340535
P26786,0.917735398340535
Q90YR7,0.917735398340535
P48155,0.917735398340535
Q6NXG1,0.962361746397211
B2RYD2,0.962361746397211
Q3US41,0.962361746397211
A1L1G1,0.962361746397211
P0CG53,0
P0CG67,0
Q8MKD1,0
P0CG47,0
P0CG80,0
P0CG88,0
P0CG54,0
P0CG62,0
P0CG73,0
P69315,0
P42739,0
Q9FHQ6,0
P33190,0
P0DJ25,0
P14604,0
P30084,0
Q5R646,0
Q8BH95,0
Q94748,0
P18562,0.842648124754482
O13867,0.842648124754482
A5H0J4,0.842648124754482
Q9LK34,0.842648124754482
P25843,0
Q68HB4,0
Q6QEJ7,0
Q9M7N0,0
Q8T938,0
Q5E958,0.937055231842486
P62241,0.937055231842486
Q4R6P8,0.937055231842486
P62242,0.937055231842486
P62243,0.937055231842486
Q90YR6,0.937055231842486
Q7SYU0,0.937055231842486
Q8MLY8,0.937055231842486
O76756,0.937055231842486
Q4N3P0,0.937055231842486
P62247,0.937055231842486
Q8WQI5,0.937055231842486
P48156,0.937055231842486
O81361,0.937055231842486
Q4UFS9,0.937055231842486
P49199,0.937055231842486
Q93VG5,0.937055231842486
P0CX39,0.937055231842486
P0CX40,0.937055231842486
Q9FIF3,0.937055231842486
Q9P7B2,0.937055231842486
O14049,0.937055231842486
Q08069,0.937055231842486
B0FWD1,0
P14574,0
P33508,0
P34842,0
P00418,0
P00417,0
O99822,0
Q24297,0.953063972843297
Q9SUM2,0.953063972843297
Q3T0Z8,0.953063972843297
P62306,0.953063972843297
P62307,0.953063972843297
P62321,0.953063972843297
P42036,0
Q9SIH0,0
Q9CAX6,0
P19950,0
P19951,0
P48150,0
P46295,0
P62265,0
P62263,0
P62264,0
P13471,0
O22584,0
P48855,0
C0HKA0,0
Q6XI08,0
C0HKA1,0
Q5UAM9,0
P27069,0
Q08699,0
Q96W53,0
P0CT56,0
P0CT57,0
P06367,0
P39516,0
Q7QEH1,0
Q7QBX2,0
Q1HR24,0
P19800,0
Q54EG3,0
Q41000,0.947076627185267
P0DI19,0.974916416959745
Q0WMV8,0.974916416959745
Q7RTV0,0.974916416959745
P83870,0.974916416959745
P83871,0.974916416959745
Q9VMC8,0.974916416959745
P49608,0.871944406750752
Q6YZX6,0.871944406750752
P28271,0.871944406750752
Q42560,0.871944406750752
Q0VCU1,0.871944406750752
Q63270,0.871944406750752
Q90875,0.871944406750752
Q42669,0.871944406750752
O04916,0.871944406750752
P21399,0.871944406750752
Q9SIB9,0.871944406750752
Q23500,0.871944406750752
Q6NTP2,0.871944406750752
Q94A28,0.871944406750752
Q01059,0.871944406750752
Q5ZJ25,0.967138235518851
Q4V9Y0,0.967138235518851
Q155U0,0.967138235518851
Q505L3,0.967138235518851
A6QQ47,0.967138235518851
Q9UID3,0.967138235518851
Q3UVL4,0.967138235518851
P83876,0.985839633449293
P83877,0.985839633449293
Q9FE62,0.985839633449293
P87215,0.985839633449293
B8E954,0.846077836695546
Q3BTY0,0.846077836695546
A3D5E9,0.846077836695546
A9L4G0,0.846077836695546
A6WP60,0.846077836695546
A3QD88,0.846077836695546
B0RT37,0.846077836695546
Q2P2R2,0.846077836695546
Q5GZR6,0.846077836695546
Q8PL03,0.846077836695546
Q56FH2,0
Q4GXU6,0
Q5UAP0,0
Q95V34,0
Q4PMB3,0
Q642H9,0
P41042,0
O62738,0
Q90YS0,0
Q76N24,0
P62705,0
P62701,0
Q76MY1,0
P62704,0
P62702,0
P62703,0
O62739,0
P79103,0
P47836,0
P47961,0
P49401,0
Q6PBC4,0
Q26061,0
Q4UG71,0.955373561686874
P0DMT5,0.955373561686874
C0KJQ4,0.484911415209799
Q0JM76,0
Q84WL9,0.908706215445513
O50016,0.908706215445513
Q54H39,0.908706215445513
Q7SAQ1,0.908706215445513
Q4ICG5,0.908706215445513
Q9V410,0
P49397,0.970058482669621
A7AMD1,0.970058482669621
B5FZS9,0.970058482669621
Q98TX2,0.970058482669621
Q285L8,0.970058482669621
Q642T2,0.970058482669621
P97351,0.970058482669621
P49242,0.970058482669621
O73813,0.970058482669621
Q801S3,0.970058482669621
A8E604,0.970058482669621
Q4KTD9,0.970058482669621
Q4T8S6,0.970058482669621
Q56JV9,0.970058482669621
P61247,0.970058482669621
Q6PBY1,0.970058482669621
A8HS48,0.970058482669621
Q9MBB3,0.970058482669621
B5DGL6,0.970058482669621
A2Q0R8,0.970058482669621
A5B4K1,0.970058482669621
Q4R4Z6,0.970058482669621
A4SAD2,0.970058482669621
O43999,0.970058482669621
P49395,0.970058482669621
Q8GTE3,0.970058482669621
Q4MYZ4,0.970058482669621
A5JSW9,0.970058482669621
Q95V35,0.970058482669621
Q6EV04,0.970058482669621
A5K7J8,0.970058482669621
B3L3W7,0.970058482669621
Q4UB86,0.970058482669621
P61246,0.970058482669621
P33444,0.970058482669621
Q42262,0.970058482669621
Q64FN2,0.970058482669621
B0KW94,0.970058482669621
Q5G5C4,0.970058482669621
Q5CP76,0.970058482669621
P49198,0.970058482669621
A7S3J7,0.970058482669621
O97313,0.970058482669621
Q9CAV0,0.970058482669621
P49396,0.970058482669621
Q7RM92,0.970058482669621
A7Q5X9,0.970058482669621
Q1HRR3,0.970058482669621
A6YPJ8,0.970058482669621
B8PIG4,0.970058482669621
Q56FG9,0.970058482669621
Q764D2,0.970058482669621
A8NX92,0.970058482669621
B0CY45,0.970058482669621
B0WN96,0.970058482669621
A8PJ38,0.970058482669621
P0CQ59,0.970058482669621
P0CQ58,0.970058482669621
Q9LM92,0.966890502930945
O44437,0.966890502930945
P62318,0.966890502930945
P62320,0.966890502930945
P62323,0.966890502930945
Q9S7E6,0.966890502930945
Q9UUC6,0.966890502930945
Q8LGF7,0.950181876124379
A2ZB00,0.942760487781271
Q0IQF7,0.942760487781271
Q9SK22,0.942760487781271
Q42340,0.942760487781271
P46293,0.942760487781271
O22647,0.942760487781271
Q9M8X9,0.942760487781271
Q98TR7,0.942760487781271
Q90YQ7,0.942760487781271
P62251,0.942760487781271
Q9W237,0.942760487781271
Q3T0X6,0.942760487781271
P62249,0.942760487781271
P14131,0.942760487781271
Q29201,0.942760487781271
P62250,0.942760487781271
Q95V31,0.942760487781271
Q22054,0.942760487781271
P26182,0
Q39758,0
P53476,0
P22131,0
P53470,0
Q25010,0
P41340,0
P53505,0
P53478,0
P10987,0
P84184,0
P84183,0
P84185,0
P02572,0
Q553U6,0
P53506,0
Q54GX7,0
P53471,0
P04829,0
P07830,0
P63258,0
Q5ZMQ2,0
P63261,0
P63260,0
P63259,0
P63257,0
A2BDB0,0
Q6P378,0
Q5JAK2,0
Q26065,0
P18603,0
P53486,0
Q8JJB8,0
P26183,0
P30162,0
Q7ZVI7,0
P68142,0
P68143,0
P15475,0
P30163,0
P41339,0
Q93131,0
P12716,0
O17320,0
P10986,0
P02576,0
P60712,0
O18840,0
Q71FK5,0
P60706,0
Q76N69,0
P60708,0
P60709,0
Q4R561,0
Q711N9,0
P60710,0
Q5R1X3,0
Q6QAQ1,0
Q5R6G0,0
P60711,0
P60713,0
Q4L0Y2,0
P60707,0
O93400,0
Q93129,0
Q7ZVF9,0
P83751,0
P83750,0
O42161,0
Q964E3,0
P0DM41,0
P10984,0
P0DM42,0
Q964E1,0
P92182,0
P48975,0
Q6NVA9,0
P53485,0
Q91ZK5,0
P92179,0
Q964E0,0
P63256,0
P41341,0
P17126,0
P45886,0
O18499,0
P07829,0
P45885,0
P79818,0
Q964E2,0
P90689,0
P29751,0
Q0PGG4,0
P02578,0
P10981,0
P53461,0
Q964D9,0
P53464,0
P53502,0
P68556,0
P53463,0
P68555,0
P92176,0
P41113,0
P53501,0
P49871,0
P53456,0
P84336,0
P18600,0
P27131,0
P07837,0
O18500,0
P53458,0
O17503,0
P17304,0
P12717,0
P07836,0
P91754,0
P20904,0
P41112,0
P18601,0
Q5E9B5,0
P63270,0
P63267,0
P63268,0
P63269,0
P69002,0
P69003,0
P53472,0
O16808,0
P45887,0
P53457,0
P83969,0
Q8I4X0,0
P86287,0
P83967,0
P83968,0
P49128,0
Q4Z1L3,0
Q7RME1,0
P53498,0
P69004,0
P69005,0
Q25472,0
P02574,0
P18499,0
P10990,0
P62739,0
P62736,0
P62737,0
P62740,0
P62738,0
O65315,0
P53689,0
P10988,0
P53474,0
P08023,0
P53473,0
Q3ZC07,0
P68034,0
P68032,0
P68033,0
P68035,0
Q6P640,0
A2XLF2,0
Q10DV7,0
P53465,0
P20399,0
P04751,0
Q00215,0
P68138,0
P68139,0
P68133,0
P68134,0
P68137,0
Q5R9Q5,0
P68135,0
P68136,0
P53459,0
P53480,0
P53482,0
P49055,0
P50138,0
P43239,0
O15998,0
Q98972,0
P27130,0
Q90X97,0
P10995,0
P26197,0
Q03341,0
Q07903,0
P68140,0
P68264,0
P12431,0
P48465,0
P53466,0
P53475,0
P53479,0
P53496,0
P35432,0
Q6P8G3,0
P11426,0
P30167,0
P04752,0
P0C542,0
P0C540,0
P0CJ46,0
P0CJ47,0
P53460,0
P53467,0
P26198,0
O65314,0
A2XNS1,0
Q10AZ4,0
P53492,0
Q562R1,0
Q8BFZ3,0
Q05214,0
O81221,0
O65316,0
Q9Y707,0
P30171,0
P53494,0
P30173,0
Q9Y702,0
Q96292,0
P0C539,0
A3C6D7,0
P10989,0
P53497,0
Q96293,0
P30164,0
P53504,0
Q9UVW9,0
Q6TCF2,0
P78711,0
P20359,0
Q00214,0
Q9UVX4,0
Q9NJV4,0
Q9Y701,0
P22132,0
P13363,0
O13419,0
P30165,0
P46258,0
P84856,0
P60009,0
P60011,0
P10365,0
P60010,0
Q75D00,0
Q8X119,0
P53455,0
Q9URS0,0
P30168,0
O74258,0
P17128,0
Q55EU6,0
P53500,0
Q9P4D1,0
O17502,0
Q9UVZ8,0
Q8ILW9,0
P86288,0
P14235,0
Q6S8J3,0
P14883,0
P30172,0
Q9UVF3,0
Q9BYX7,0
Q93132,0
P0CG38,0
A5A3E0,0
Q93130,0
P81228,0
P93584,0
P02582,0
P10992,0
P93372,0
P81229,0
P93371,0
O44001,0.972076215470508
P56380,0
Q6PEC0,0
P40590,0
P87262,0
P40525,0
P41098,0
Q42351,0
Q9FE65,0
P20965,0.958003301380503
Q6IP09,0.958003301380503
P29341,0.958003301380503
Q9EPH8,0.958003301380503
P61286,0.958003301380503
P11940,0.958003301380503
Q5R8F7,0.958003301380503
F1QB54,0.958003301380503
Q9H361,0.958003301380503
Q6DEY7,0.958003301380503
Q5B630,0.958003301380503
Q4WK03,0.958003301380503
Q98SP8,0.958003301380503
P0CP47,0.958003301380503
P0CP46,0.958003301380503
Q1DXH0,0.958003301380503
A1D4K4,0.958003301380503
Q98TF5,0.979064407923323
Q59GN2,0.979064407923323
Q3T051,0.979064407923323
P62891,0.979064407923323
Q90YS9,0.979064407923323
P62892,0.979064407923323
P62893,0.979064407923323
Q8L8W6,0.979064407923323
Q758D8,0.979064407923323
Q96EH5,0.979064407923323
Q6KAJ8,0.979064407923323
P51426,0.979064407923323
Q6CW22,0.979064407923323
P51425,0.979064407923323
Q5SMI4,0.979064407923323
Q96W55,0.979064407923323
O42161,0
O93400,0
Q6NVA9,0
P68142,0
P68143,0
P79818,0
P10987,0
P84184,0
P18603,0
P84183,0
P84185,0
Q7ZVI7,0
Q7ZVF9,0
P83751,0
P83750,0
P53505,0
P60712,0
P84336,0
O18840,0
Q71FK5,0
P60706,0
Q76N69,0
P84856,0
P60708,0
P60709,0
Q4R561,0
Q711N9,0
P60710,0
Q5R1X3,0
Q6QAQ1,0
Q5R6G0,0
P29751,0
P60711,0
P60713,0
Q4L0Y2,0
P60707,0
P63256,0
P63258,0
Q5ZMQ2,0
P63261,0
P63260,0
Q5JAK2,0
P63259,0
Q8JJB8,0
P63257,0
A2BDB0,0
Q6P378,0
P53478,0
P53485,0
P02572,0
P48975,0
P53506,0
Q91ZK5,0
P10984,0
P10986,0
P15475,0
P0DM41,0
P0DM42,0
P18602,0
P53486,0
P18601,0
P41340,0
P07837,0
Q25010,0
Q0PGG4,0
P18600,0
O18499,0
P04829,0
P83969,0
P83967,0
P83968,0
Q93131,0
O17503,0
P07836,0
Q93129,0
P49871,0
P30163,0
P68556,0
P53456,0
Q26065,0
P68555,0
P90689,0
P49128,0
P53465,0
P53471,0
O17320,0
P41339,0
P12716,0
P53501,0
P10981,0
P53480,0
P17304,0
P68140,0
P68264,0
Q98972,0
P30162,0
P53472,0
P27130,0
P26198,0
P53475,0
Q25472,0
P10995,0
P49055,0
P53479,0
P62739,0
P08023,0
P62736,0
P62737,0
P62740,0
P62738,0
Q3ZC07,0
P68034,0
P68032,0
P68033,0
P68035,0
P04751,0
Q6P640,0
Q964E1,0
Q964E2,0
O15998,0
P92182,0
P53482,0
P41341,0
P20399,0
P53458,0
P69002,0
P69003,0
P53460,0
P53470,0
O18500,0
Q964E3,0
Q964E0,0
Q964D9,0
P53464,0
Q90X97,0
P68138,0
P68139,0
P68133,0
P68134,0
P68137,0
Q5R9Q5,0
P68135,0
P68136,0
P69004,0
P45886,0
P02574,0
P45887,0
P69005,0
Q5E9B5,0
P63270,0
P63267,0
P63268,0
P63269,0
Q25381,0
O16808,0
P53463,0
Q25379,0
P92179,0
P45885,0
Q00214,0
P91754,0
P53473,0
P17126,0
P92176,0
P02576,0
Q00215,0
P02578,0
P53457,0
P04752,0
Q6P8G3,0
P53466,0
P12717,0
P10990,0
Q03342,0
P41112,0
P53467,0
P41113,0
Q8BFZ3,0
P53461,0
Q553U6,0
P53459,0
Q07903,0
Q54GX7,0
P07830,0
Q6S8J3,0
P26197,0
P53689,0
P53474,0
Q562R1,0
P18499,0
P43239,0
P07829,0
A5A3E0,0
P35432,0
Q9BYX7,0
P50138,0
P0CG38,0
P53455,0
Q9UVW9,0
P48465,0
Q6TCF2,0
P78711,0
P20359,0
O13419,0
P0CG39,0
Q9URS0,0
P10989,0
Q5E988,0.98730446668492
P46782,0.98730446668492
P97461,0.98730446668492
Q24186,0.98730446668492
P24050,0.98730446668492
O65731,0.98730446668492
Q9ZUT9,0.98730446668492
P51427,0.98730446668492
Q9VFE4,0.98730446668492
P49041,0.98730446668492
Q08364,0.98730446668492
Q7RVI1,0.98730446668492
P0CR39,0
P0CR38,0
Q4PE39,0
Q9C284,0
Q2HB00,0
Q0US25,0
A4R1J7,0
Q6C5L5,0
Q15437,0
Q5ZK03,0
Q3SZN2,0
Q9D662,0
Q2URM9,0
Q1DY01,0
A2Q8L1,0
Q5R5G2,0
Q7SZE5,0
Q15436,0
Q01405,0
Q5BGR9,0
A1D4S4,0
Q5R9P3,0
Q4WK80,0
Q05AS9,0
A2VDL8,0
Q0CUU1,0
A1CRW7,0
O74873,0
P0CT60,0.95420493621189
P0CT61,0.95420493621189
Q07760,0.95420493621189
P49690,0.95420493621189
Q6PC14,0.95420493621189
Q3T057,0.95420493621189
P62829,0.95420493621189
Q90YU5,0.95420493621189
P62830,0.95420493621189
P62831,0.95420493621189
P62832,0.95420493621189
Q5REU2,0.95420493621189
P0CX41,0.95420493621189
P0CX42,0.95420493621189
Q9GNE2,0.95420493621189
P48159,0.95420493621189
Q9XSU3,0.95420493621189
Q9XEK8,0.95420493621189
P0DJ53,0.95420493621189
Q93140,0.95420493621189
P48158,0.95420493621189
Q67IX6,0.944652520209509
Q9FF55,0.944652520209509
Q8VX13,0.944652520209509
Q7ZUG0,0.928667142750268
Q9VLV5,0.928667142750268
A4FUI2,0.928667142750268
P62303,0.928667142750268
P62304,0.928667142750268
P62305,0.928667142750268
A1XQR9,0.928667142750268
A8XDT0,0.928667142750268
Q9XTU6,0.928667142750268
B2RTY4,0
E9Q634,0
Q63356,0
Q12965,0
O88329,0
Q9NQX4,0
Q8C170,0
Q9Z1N3,0
Q9XXV8,0
P19706,0
P70248,0
Q6BUQ2,0
A6ZZJ1,0
P36006,0
Q9LHE9,0
A5E4A8,0
E7EZG2,0
A3LYL7,0
A7TDZ8,0
Q59MQ0,0
Q62774,0
O00160,0
Q2HDI2,0
F4I507,0
F4HXP9,0
Q9HD67,0
F4HWY6,0
P10568,0
A4RE77,0
Q6FMJ3,0
Q03479,0
Q622K8,0
A1C4A5,0
Q2US45,0
Q0CEX5,0
Q9Y4I1,0
Q99104,0
A6SED8,0
Q6C7C0,0
Q9QYF3,0
A6ZMG6,0
Q04439,0
P79114,0
F8VQB6,0
D3ZJP6,0
Q9UBC5,0
A2R5J1,0
P32492,0
Q02440,0
Q6FN18,0
Q9M4B5,0.960576578754265
Q17435,0.960576578754265
Q9M4C4,0.960576578754265
A8X0Z1,0.960576578754265
Q70Z18,0
Q9SZI2,0
B8B2R4,0
Q5VND6,0
Q70Z19,0
Q94K07,0
B8AW64,0
Q53WK4,0
Q54Q05,0.981107428234921
P61485,0
P61487,0
P61486,0
Q969Q0,0
Q3SZ59,0
D0VWQ4,0
P83881,0
P83882,0
P83884,0
P83883,0
Q5R9D2,0
Q6GQN4,0.98750130819862
Q9CR80,0.98750130819862
B2RYG1,0.98750130819862
A6QR31,0.98750130819862
Q9Y421,0.98750130819862
Q5R9E5,0.98750130819862
B0JZ89,0.98750130819862
P32584,0.856615875469593
Q558K8,0.856615875469593
A2XX73,0.856615875469593
Q7XSR9,0.856615875469593
P10987,0
P02572,0
Q25010,0
P84184,0
P04829,0
P84183,0
P84185,0
P30162,0
P30163,0
P41340,0
P18603,0
P41339,0
P45886,0
P0DM41,0
P0DM42,0
P10986,0
P12716,0
P45885,0
O18500,0
P53501,0
Q964E1,0
Q964E2,0
Q964E0,0
P41341,0
O18499,0
P10984,0
P10981,0
P18600,0
Q964E3,0
P92179,0
Q964D9,0
P92182,0
P49871,0
Q26065,0
P53478,0
P53464,0
P45887,0
P53505,0
P53461,0
P49128,0
P53463,0
P12717,0
P07836,0
P18601,0
Q7ZVI7,0
Q6P378,0
P53471,0
Q5JAK2,0
P07837,0
P02574,0
P15475,0
P17304,0
O17320,0
O16808,0
P92176,0
Q7ZVF9,0
P53485,0
P83751,0
P83750,0
Q8JJB8,0
P83969,0
P83967,0
P83968,0
Q07903,0
P69002,0
P69003,0
P10990,0
P69004,0
P69005,0
P63258,0
Q5ZMQ2,0
P63261,0
P63260,0
P63259,0
P63257,0
A2BDB0,0
P60712,0
O18840,0
Q71FK5,0
P60706,0
Q76N69,0
P48975,0
P60708,0
P60709,0
Q4R561,0
Q711N9,0
P60710,0
Q5R1X3,0
Q6QAQ1,0
Q5R6G0,0
P60711,0
P60713,0
Q91ZK5,0
Q4L0Y2,0
P60707,0
Q6NVA9,0
P53474,0
P18499,0
P90689,0
P53470,0
P53506,0
P68142,0
P68143,0
O42161,0
P68556,0
P53472,0
P53473,0
Q93129,0
Q93131,0
P17126,0
P68555,0
P53486,0
Q0PGG4,0
O93400,0
P79818,0
P41112,0
P53456,0
P41113,0
P29751,0
P91754,0
P53466,0
P63256,0
P02578,0
P53458,0
P53465,0
P53457,0
O17503,0
Q03341,0
P84336,0
P02576,0
P07830,0
Q553U6,0
Q54GX7,0
Q5E9B5,0
P63270,0
P63267,0
P63268,0
P63269,0
P12431,0
P43239,0
P53689,0
Q9UVX4,0
P11426,0
Q8BFZ3,0
Q00215,0
Q9Y702,0
O65316,0
P20399,0
P07829,0
P62739,0
P62736,0
P62737,0
P62740,0
P62738,0
Q3ZC07,0
P68034,0
P68032,0
P68033,0
P68035,0
Q6P640,0
P68138,0
P49055,0
P68139,0
P68133,0
P68134,0
P68137,0
Q5R9Q5,0
P68135,0
P68136,0
Q25472,0
Q9Y707,0
P10989,0
P48465,0
P10995,0
P53480,0
P53498,0
O65315,0
P08023,0
P04751,0
Q98972,0
P53459,0
Q90X97,0
Q562R1,0
P68140,0
P53482,0
P53479,0
P68264,0
P20904,0
Q9Y701,0
P50138,0
P26182,0
P60009,0
P60011,0
O65314,0
P60010,0
P22131,0
P53504,0
P26197,0
O74258,0
A2XLF2,0
Q10DV7,0
P04752,0
Q6P8G3,0
Q9UVW9,0
P53500,0
Q6TCF2,0
P78711,0
P53496,0
P27130,0
P20359,0
P0CJ46,0
P27131,0
Q05214,0
P0CJ47,0
O15998,0
O13419,0
P53460,0
Q75D00,0
Q8X119,0
P53497,0
P53494,0
P17128,0
P30167,0
Q9URS0,0
P10365,0
P30171,0
P46258,0
P53455,0
P35432,0
P53492,0
P53475,0
O81221,0
P53467,0
A2XNS1,0
Q10AZ4,0
Q00214,0
P0C542,0
P0C540,0
Q39758,0
Q9P4D1,0
P26198,0
P0C539,0
A3C6D7,0
Q9UVF3,0
P30173,0
Q99023,0
Q96292,0
Q96293,0
Q9UVZ8,0
P14235,0
P22132,0
Q9BYX7,0
O17502,0
P30168,0
P13363,0
P53476,0
P0CG38,0
P84856,0
Q90YW0,0
Q963B7,0
Q86U02,0
O82574,0.967972030910349
Q43291,0.967972030910349
Q9FDZ9,0.967972030910349
P34264,0.982427874614224
P39872,0.988277961217552
P35684,0.988277961217552
P39023,0.988277961217552
Q4R5Q0,0.988277961217552
P27659,0.988277961217552
P21531,0.988277961217552
O16797,0.988277961217552
P34113,0.988277961217552
P17094,0.988277961217552
O77302,0.982659403262124
O13614,0.982659403262124
O14112,0.982659403262124
Q9SW09,0.982659403262124
P0DKK8,0.982659403262124
P0DKK9,0.982659403262124
Q8TD30,0
Q8BGT5,0
F4I7I0,0
Q54MJ7,0
Q6NYL5,0
P34106,0
Q6GM82,0
Q9LDV4,0
Q28DB5,0
P24298,0
A4IFH5,0
P52894,0
Q8QZR5,0
P25409,0
Q9S7E9,0
O09452,0.939551281932866
P25861,0.939551281932866
P34923,0.939551281932866
P87197,0.939551281932866
P32638,0.939551281932866
Q9C136,0.939551281932866
P49644,0.939551281932866
P09317,0.939551281932866
Q5XJ10,0.939551281932866
P17730,0.939551281932866
Q39769,0.939551281932866
P26519,0.939551281932866
P09094,0.939551281932866
P35143,0.939551281932866
P54117,0.939551281932866
Q01982,0.939551281932866
Q36724,0
P41310,0
P92661,0
Q599A1,0
P41293,0
P24983,0
P00399,0
Q9ZZY9,0
Q96062,0
Q9ZZ64,0
Q1HKA1,0
Q34345,0
Q7GEN7,0
P15544,0
Q34800,0
P92477,0
P48659,0
P00395,0
O03198,0
Q6EGJ1,0
Q6EGJ0,0
O79876,0
O79429,0
Q8W9N4,0
P12700,0
Q36347,0
P48888,0
P38595,0
Q36421,0
Q6EGI5,0
Q6EGI2,0
Q6EGI4,0
Q00527,0
O78749,0
Q6EMS9,0
P00396,0
O21327,0
Q6EGI3,0
Q6EGI0,0
P05503,0
P34838,0
Q8LX30,0
P00397,0
Q4JQI5,0
P05389,0
O01725,0
P59223,0.990485923356628
P59224,0.990485923356628
P46298,0.990485923356628
P62302,0.990485923356628
Q56JX8,0.990485923356628
Q6ITC7,0.990485923356628
Q9WVH0,0.990485923356628
P62277,0.990485923356628
P62301,0.990485923356628
P62278,0.990485923356628
P49393,0.990485923356628
P78571,0.990485923356628
Q9DFR6,0.990485923356628
O77303,0.990485923356628
Q962R6,0.990485923356628
P62299,0.990485923356628
Q8MUR2,0.990485923356628
P47772,0.990485923356628
P62300,0.990485923356628
Q69UI1,0.990485923356628
Q05761,0.990485923356628
Q03334,0.990485923356628
Q8I7U0,0.990485923356628
Q69UI2,0.990485923356628
P28189,0.990485923356628
Q8I7D6,0.990485923356628
P52811,0.990485923356628
P33192,0.990485923356628
Q756Y8,0.982051220649918
Q6FK61,0.982051220649918
Q08DT6,0.982051220649918
Q8K2Y7,0.982051220649918
Q5ZJ24,0.872150168214478
Q9CZS3,0.872150168214478
Q4V7R8,0.872150168214478
Q96NB1,0.872150168214478
Q5QFW4,0
P21717,0
Q34902,0
P48885,0
Q36311,0
Q36319,0
O79648,0
P18946,0
P35075,0
Q9MIX8,0
O20644,0
Q9XKC0,0
P50663,0
O79657,0
O79659,0
O20645,0
Q35522,0
Q2Q1V7,0
Q8M0E7,0
P48520,0
P48517,0
Q6XZH3,0
Q6RSH6,0
Q1KTB0,0
Q5QFW5,0
P48518,0
Q6WRH5,0
Q6WRG3,0
P21716,0
P21719,0
Q6RSH5,0
P48519,0
P21718,0
Q6XZN9,0
Q9GAR5,0
P48521,0
Q6XZH2,0
P21720,0
Q33887,0
P21721,0
Q8HLR2,0
Q9XNX6,0
Q6WRG2,0
Q94WQ8,0
Q37311,0
O79198,0
O79199,0
O79200,0
Q9XNX7,0
P29640,0
O79660,0
Q94SJ5,0
P21714,0
P29632,0
Q34534,0
Q34653,0
Q33941,0
Q34683,0
Q33954,0
Q34607,0
Q8HL93,0
Q8WE97,0
Q9TAB1,0
Q33976,0
Q6WRG7,0
Q35160,0
O79218,0
Q8SG72,0
O03548,0
Q951T4,0
Q5QFW6,0
Q8M6Z3,0
Q33989,0
P21722,0
Q8M4D6,0
O79652,0
Q2LCQ8,0
Q9XNV3,0
O79201,0
O79203,0
Q8M4E6,0
P56697,0
Q9B7V7,0
Q9MDF2,0
Q9THD6,0
Q6E0V4,0
Q950C2,0
O79217,0
O03811,0
Q8LW83,0
P29631,0
Q9B0Y1,0
O79228,0
Q9MED6,0
Q8M4C7,0
Q8M4E2,0
O79785,0
Q36222,0
Q8M0A6,0
Q95728,0
Q9XNV4,0
Q33987,0
Q9TF37,0
Q8LX87,0
O99655,0
Q9XNU9,0
Q9MJV1,0
O79209,0
Q9T469,0
O79215,0
Q1XA32,0
Q9B1N0,0
Q53AJ7,0
Q9TF14,0
Q9TF80,0
O03553,0
Q8LWM4,0
Q8LWM2,0
O79195,0
Q951T6,0
P29634,0
Q64J97,0
Q64JA0,0
Q950C7,0
Q9TAD3,0
P92600,0
Q34161,0
O79197,0
Q9XNV7,0
Q9B203,0
O79202,0
Q950B9,0
P00156,0
Q8M4C6,0
O79207,0
O79208,0
Q35111,0
Q9B167,0
Q9B161,0
O03538,0
Q94PA3,0
Q9B0S2,0
Q9B106,0
Q9B365,0
Q8LWP6,0
O79230,0
O79229,0
Q36089,0
Q5ZN98,0
P29633,0
Q94SK8,0
B0FWD7,0
Q9ZZD8,0
Q33629,0
Q35653,0
O79196,0
O03520,0
Q508L0,0
Q508L2,0
Q9MR49,0
Q8WBP9,0
Q9GAW0,0
O03523,0
Q6YDL7,0
Q5YJ78,0
Q597E9,0
Q597F0,0
Q9TH46,0
Q9TH52,0
O79512,0
Q1PG50,0
Q953J5,0
Q9G1B9,0
Q9G1C4,0
Q9GBY8,0
Q9G6G2,0
Q9GBZ2,0
Q9GBZ6,0
Q9GBZ7,0
Q9TFX4,0
Q94SA4,0
P24966,0
O79220,0
O79221,0
O79222,0
O79223,0
O79225,0
O79226,0
Q9T6R2,0
Q5J1T0,0
Q9GA18,0
Q36082,0
Q9MFN3,0
Q8HF67,0
Q9GAR6,0
Q6WRH4,0
Q6WRH2,0
Q4QXK3,0
Q53AK8,0
O48014,0
Q36976,0
Q6DUL2,0
Q95726,0
Q95723,0
Q95727,0
Q95731,0
Q95729,0
Q95730,0
Q95735,0
Q95736,0
Q95738,0
Q95739,0
Q95741,0
Q95744,0
Q95745,0
Q95750,0
Q9T3Y0,0
O47431,0
Q4VUY6,0
Q4VUY0,0
Q94WP7,0
Q9GAP0,0
Q9GAN2,0
Q9GAN4,0
Q508L6,0
Q94TI3,0
Q508K5,0
Q6Y8J6,0
Q34107,0
Q34261,0
Q8WDV2,0
Q94YL9,0
Q1PG58,0
Q6XZP4,0
Q508M3,0
Q1PG56,0
P34197,0
Q8WGG5,0
Q8WGG8,0
Q8W8Y1,0
Q33487,0
O79520,0
Q94S78,0
Q36427,0
Q6YDL2,0
Q8WGF8,0
Q8WGF7,0
Q9GBG9,0
O78934,0
Q9MIZ2,0
Q5F4G2,0
Q9G3M9,0
Q7YD72,0
Q9GBY5,0
Q9GBY6,0
Q9GBZ0,0
Q9GBZ1,0
Q9GBZ5,0
Q9ZZU1,0
Q53AK6,0
Q7YD12,0
Q9G6M3,0
Q8SJZ4,0
Q94YL4,0
Q9G3S4,0
Q8SJZ2,0
Q8SJZ1,0
Q53AL7,0
O03545,0
Q9G1F7,0
Q9GAM7,0
Q96071,0
Q9T6R3,0
Q9T3Y2,0
Q53AM3,0
Q1HUV6,0
Q36118,0
Q597E7,0
Q36201,0
Q6Y8J7,0
Q6YDK5,0
Q6YDK7,0
Q6YDL6,0
Q9TF93,0
P21715,0
Q33754,0
Q9ZZE4,0
Q85IN3,0
Q9TF12,0
Q34253,0
Q508K7,0
Q508K1,0
Q508K9,0
Q508K8,0
O79925,0
O79927,0
Q8WDV0,0
Q8WDV6,0
P92599,0
Q9TF27,0
Q9TFA0,0
Q9T3Y3,0
Q508M1,0
Q85IN8,0
Q37006,0
P24956,0
O48063,0
Q9ZZT5,0
Q7GGQ9,0
Q7Y8F6,0
O21175,0
Q7Y5X9,0
O78935,0
Q9TEB4,0
Q9XMC2,0
Q9T3H9,0
O78936,0
Q9TEB5,0
Q597E2,0
Q597E4,0
Q8HQF1,0
Q7Y8L9,0
Q957B6,0
Q7Y8L5,0
Q957B2,0
Q957B1,0
Q957A7,0
Q9G3N1,0
Q7YBY6,0
Q8W926,0
Q8W7G4,0
Q35117,0
Q36590,0
Q9GBZ4,0
Q35273,0
O79216,0
Q9T9W4,0
Q508J1,0
Q508J4,0
P29639,0
Q1ZYR2,0
O21298,0
Q94VK4,0
Q94YE5,0
Q950S3,0
Q35994,0
Q94Y72,0
Q4JQH5,0
O47976,0
Q8WEK7,0
Q8WEK2,0
P16360,0
Q9ZZD2,0
Q9TF51,0
Q9TF55,0
P49341,0
Q9TF47,0
Q9XNX3,0
O99240,0
P68533,0
P68534,0
Q33772,0
Q33842,0
P34861,0
Q564P2,0
Q8WCL1,0
Q5UVI6,0
P92472,0
Q508L4,0
Q34108,0
Q8WFX3,0
Q94WW7,0
Q9TF61,0
Q9TF91,0
Q508M2,0
Q508M9,0
Q508M8,0
Q508L8,0
Q508N0,0
O03713,0
Q9T7S2,0
Q94ZD1,0
Q957C7,0
P16363,0
Q5YJ93,0
O79204,0
Q5F4E8,0
Q104Y3,0
Q564N6,0
Q33607,0
Q8WGF6,0
P16674,0
Q9TFX5,0
Q36291,0
Q94SZ7,0
Q33782,0
Q7Y8M0,0
Q957B9,0
Q957B8,0
Q957B5,0
Q957B4,0
Q7Y8L6,0
Q957B0,0
Q957A9,0
Q8HQE8,0
Q957A4,0
Q957A1,0
Q957A2,0
Q956Z9,0
Q956Z8,0
Q956Z7,0
Q7Y8L0,0
Q956Z6,0
Q956Z5,0
Q956Z2,0
Q956Z1,0
Q7Y8K8,0
Q9GBY4,0
O79219,0
Q9T6R9,0
Q9T6R8,0
Q508J9,0
Q5NUR5,0
Q288H4,0
Q288H5,0
Q288H2,0
Q8M708,0
O21205,0
Q35518,0
Q1XA12,0
Q8SEH7,0
Q9ZZF6,0
Q35533,0
Q6ELU6,0
O79224,0
Q8HQF2,0
Q9T6R5,0
Q957D1,0
Q9T4P2,0
Q9TF50,0
Q9MI97,0
Q9ZZE3,0
Q8HLD2,0
Q9TF30,0
Q33645,0
Q95734,0
Q5VJ60,0
O21224,0
Q9B5S1,0
Q9B5R7,0
O03207,0
Q508K4,0
Q508K2,0
Q508L1,0
Q508K6,0
Q9TEC1,0
Q34106,0
Q1XIP7,0
Q94SD0,0
P24955,0
O20604,0
Q34382,0
Q34279,0
Q34340,0
P41303,0
Q1MWK0,0
Q1PG57,0
Q9T7Q6,0
Q9T7Q8,0
Q9T4R0,0
Q9T7Q9,0
Q9T443,0
Q564P1,0
Q957C6,0
O21159,0
P92487,0
Q36368,0
Q9MQY3,0
O21163,0
O21166,0
O21167,0
O48372,0
Q9TF34,0
Q9T7Q5,0
Q9T9I2,0
P48665,0
Q104Y0,0
Q104Y1,0
Q9G7U1,0
Q7YD13,0
Q7Y7B2,0
Q9TH43,0
Q9T3R3,0
Q9XP34,0
Q597C5,0
Q597E6,0
Q597C7,0
Q85RV3,0
Q9TDQ7,0
Q8M0K9,0
Q9TDQ5,0
Q7JE02,0
Q9MJA2,0
Q9MJA1,0
Q9MJ99,0
Q5F4G3,0
Q7YGD4,0
Q5F4G9,0
Q7Y8L4,0
Q957A8,0
Q5F4G7,0
Q956Z3,0
Q956Y9,0
Q9TF95,0
Q9TF89,0
Q6YLN1,0
O48285,0
Q508J0,0
Q2N2B5,0
Q508J3,0
Q508J7,0
Q36654,0
Q35558,0
Q8HQF0,0
Q9TF57,0
Q4VGP8,0
O03543,0
Q5QS41,0
Q8WDK6,0
Q37064,0
Q35805,0
Q35895,0
Q9XNU6,0
O21804,0
Q9TF52,0
Q9TF46,0
Q9TF86,0
O79274,0
Q6ELW1,0
Q94PB4,0
Q94Y71,0
Q94Q45,0
Q9TF32,0
Q94Y66,0
Q94Y62,0
Q94Y64,0
Q94Y56,0
Q7IYZ1,0
Q94NM3,0
Q94Q38,0
Q94Y50,0
Q94Y51,0
Q94Y47,0
Q94Y46,0
Q8LWN0,0
Q94Q84,0
Q9T7T9,0
O63699,0
O78937,0
Q9TF20,0
Q36192,0
Q9T4A7,0
Q33784,0
P34844,0
Q7YC63,0
Q95718,0
Q9T9J5,0
Q36324,0
B1GYJ5,0
P24952,0
Q8SGA0,0
Q1XIM5,0
Q9B9F5,0
Q71FJ2,0
Q1XIP8,0
Q1X6K1,0
Q8SE89,0
Q8SJX5,0
Q1XIP4,0
Q94QP2,0
Q8SET9,0
Q1X6J6,0
Q8SEP4,0
Q8SJX4,0
O20613,0
Q94WY7,0
P24954,0
Q508N2,0
Q508N1,0
P07704,0
Q9G0W6,0
Q9G3N4,0
Q9G3N2,0
Q85PN8,0
Q5VJ67,0
Q34724,0
Q95711,0
Q8LZ94,0
O78858,0
Q7J370,0
Q34876,0
Q7YD16,0
Q34900,0
Q5QS28,0
Q6IYG6,0
Q597F1,0
Q85IN4,0
Q678S3,0
Q85IN9,0
Q71MR6,0
A1IVY7,0
Q957B3,0
Q957C1,0
Q8HQE7,0
Q7YBY4,0
Q956Y7,0
Q9G2W6,0
Q35113,0
O47890,0
O47892,0
Q9T9V5,0
Q508J5,0
Q8M706,0
Q35425,0
P29630,0
Q5J1T3,0
Q5J1T4,0
Q9G946,0
Q5VJ61,0
Q35677,0
Q94NF7,0
Q85PK7,0
Q35877,0
Q9XP81,0
O79446,0
O79447,0
Q1XIK7,0
O79445,0
O79980,0
O79450,0
O79448,0
Q1XIK9,0
O21411,0
O79997,0
O79996,0
O80005,0
O79454,0
O21416,0
O79462,0
O21424,0
O79463,0
O79967,0
O79464,0
O79468,0
Q9TF74,0
Q8M703,0
Q5BQG8,0
Q5J1T5,0
Q5BQG9,0
Q8M700,0
Q9XNW7,0
Q4VUV8,0
Q8SEJ1,0
O03503,0
O79524,0
Q4VWH4,0
Q36194,0
Q36209,0
P00160,0
Q9TF10,0
Q9TF17,0
Q94T42,0
Q8LZ97,0
O63535,0
Q33706,0
O63536,0
O63537,0
O63534,0
Q8W8W1,0
Q7Y779,0
Q7Y778,0
Q85IN5,0
Q5UVI4,0
Q9T7T8,0
O47923,0
O47926,0
Q9B5R8,0
Q7IYN8,0
Q9B1D2,0
Q9B5R0,0
Q9B5R1,0
Q9B5Q5,0
Q9B5Q6,0
Q9B5Q4,0
Q9B5Q3,0
Q508L3,0
Q4VUT8,0
Q9ZZD4,0
Q36644,0
Q9MLI3,0
Q1MWH4,0
Q34289,0
Q34300,0
Q34302,0
Q34321,0
Q34376,0
Q34399,0
O48009,0
Q9MGM4,0
P18935,0
Q9MGL5,0
Q9MDZ9,0
Q85DE4,0
Q4VUY9,0
Q4VUY8,0
Q5DWG5,0
O21795,0
Q85IN7,0
Q9TEZ5,0
Q9T9Y3,0
P38593,0
Q9B9F6,0
O03363,0
O47930,0
O78932,0
O79205,0
O79206,0
O79212,0
Q85IN6,0
Q33537,0
Q5VJ58,0
P34871,0
O78930,0
O78931,0
Q9T7Q0,0
O03473,0
P92671,0
O03474,0
Q9TH47,0
Q9XMC1,0
Q8W8Q1,0
Q8WGL0,0
Q34972,0
Q3YLC2,0
Q9MQX8,0
Q9MQY1,0
Q9MQX1,0
Q04911,0
Q35020,0
Q957B7,0
Q35038,0
Q5F4G0,0
O20603,0
P87410,0
Q4VUU0,0
Q4VUU2,0
Q4VUU4,0
Q4VUV4,0
Q35157,0
Q8HLB9,0
Q35172,0
O20435,0
Q35196,0
O03478,0
Q36572,0
Q9GBY1,0
Q36461,0
Q9B9E8,0
Q35377,0
Q9T9C8,0
Q94T21,0
Q9T7P1,0
Q5NUR7,0
Q288H1,0
Q9TDN2,0
P24964,0
Q35675,0
Q8M3J6,0
Q5QS02,0
Q35380,0
Q35695,0
P00159,0
Q9G3M7,0
Q9G6G3,0
O63848,0
Q35861,0
P29641,0
Q9BA02,0
Q9XP89,0
Q9XP88,0
Q35810,0
Q9XP83,0
Q9XP84,0
Q9XP82,0
Q9XP78,0
O20433,0
Q35886,0
Q9XP77,0
Q8SEL4,0
Q7IY99,0
Q9TF45,0
Q9TF49,0
Q9T4N0,0
Q5QS67,0
Q36012,0
Q70XG0,0
Q9TG16,0
Q9TDT5,0
Q71FI9,0
Q71FJ0,0
Q71FI8,0
Q9TF31,0
Q6XZN8,0
O47922,0
Q7HEI2,0
P29663,0
Q9TEY5,0
Q37713,0
Q9T7T7,0
Q9T3S9,0
Q6ELW3,0
Q34028,0
Q6V8Y0,0
Q6V8Y1,0
Q34172,0
Q75R30,0
Q539Z1,0
Q34169,0
Q1HUU1,0
Q8SGQ9,0
Q9MFN9,0
Q698P7,0
Q8WDU1,0
Q34070,0
Q5UVJ0,0
Q508M4,0
Q94QD3,0
Q1PG54,0
Q1PG55,0
O99798,0
O20611,0
Q4VUV9,0
Q1EG05,0
Q9ZZT6,0
O79210,0
O79211,0
O79213,0
Q9B9Z1,0
Q7YD73,0
Q5F4F5,0
Q2N2J6,0
Q2N2B8,0
Q678S9,0
O78929,0
Q9XK52,0
Q9TH56,0
Q1H8Y8,0
Q1PG51,0
P92651,0
Q5F4F4,0
P24960,0
Q678S8,0
Q35457,0
Q35506,0
P68090,0
P68091,0
Q9XKK2,0
Q35438,0
Q35505,0
Q00530,0
Q9GAM6,0
Q7YD75,0
Q5F4F1,0
O21217,0
O21220,0
O21223,0
Q35532,0
Q71FI6,0
O78933,0
Q8SJZ3,0
Q5UVI5,0
Q2TVN0,0
Q35468,0
Q2TVN1,0
Q5UVI3,0
Q8HEM1,0
Q5UVI8,0
P34864,0
Q36549,0
Q6WRG4,0
Q9XNW8,0
Q9T9J2,0
Q7YA49,0
Q6XBW7,0
Q71RU1,0
P33501,0
O78927,0
O78928,0
Q9TEY7,0
Q4VKI7,0
Q95719,0
Q8WCK9,0
Q5QD74,0
Q6ELW6,0
O78789,0
P24953,0
Q9B5S0,0
O47924,0
Q9G3R1,0
Q71EB0,0
Q1XIJ4,0
Q1XII9,0
Q8WCJ7,0
Q9XKK5,0
O21337,0
Q85DD9,0
Q5VJ65,0
Q34459,0
O99797,0
O99799,0
O99800,0
P34868,0
O78783,0
Q34717,0
Q34732,0
Q8WA39,0
Q04910,0
Q956S6,0
Q710S3,0
O47558,0
O47555,0
Q959V6,0
Q6ELV2,0
O47560,0
O48350,0
O47561,0
Q9T6J0,0
O47556,0
Q9T6I4,0
Q6ELV4,0
O47557,0
Q692W3,0
Q6ELV5,0
P38594,0
Q35075,0
Q1XII1,0
Q34973,0
Q9MQY0,0
Q71E89,0
Q957C3,0
Q35054,0
Q9XNU4,0
Q85C06,0
Q539B4,0
Q5VJ36,0
Q35131,0
Q85DF8,0
Q9B1X4,0
P34873,0
Q9XP68,0
P34863,0
Q35727,0
Q9XNW3,0
Q9GAM9,0
Q9XNW4,0
Q85PM6,0
Q9XNU2,0
O79453,0
P15547,0
Q6ELW2,0
O47415,0
Q6ELV9,0
Q6ELV7,0
O47414,0
Q9MQY6,0
Q957C8,0
Q8HQE6,0
Q5S1V3,0
Q9XNN1,0
Q1XIP3,0
P24992,0
O20434,0
Q33800,0
P92509,0
Q2Y067,0
Q9TEY8,0
Q7YC71,0
Q9TEY6,0
Q7YC76,0
A1YLR8,0
Q5VJ59,0
Q1XII7,0
Q8W822,0
Q34101,0
Q6Y8J2,0
Q34045,0
O78788,0
O78787,0
O78786,0
O78790,0
Q5C9H5,0
P34865,0
P34866,0
P34867,0
O47488,0
Q85AV3,0
Q1XIM8,0
Q7YC75,0
Q64GI8,0
Q64GJ1,0
Q1XIQ2,0
Q1XIQ3,0
Q1XIJ0,0
Q9G396,0
Q9XNM1,0
Q94YL5,0
Q1XIM1,0
Q33452,0
Q34501,0
P48886,0
Q85PN6,0
O20612,0
Q34677,0
Q8SJK5,0
Q71E99,0
Q5I191,0
Q34814,0
P34870,0
O47554,0
Q3ZEC9,0
Q597F2,0
Q8W9F9,0
O47499,0
Q9MI35,0
Q35076,0
Q678S5,0
Q35019,0
Q7J6I1,0
O48309,0
O47584,0
O47583,0
P00158,0
Q8WA47,0
Q76MX5,0
Q7IY93,0
Q35065,0
Q1XIN6,0
P34872,0
Q1XIN1,0
O21366,0
O79426,0
Q5VJ57,0
Q36659,0
Q35553,0
Q9XNU0,0
O78777,0
O78776,0
Q85DF5,0
Q85C43,0
Q85DF2,0
Q8W9E4,0
O79413,0
O79451,0
Q8SE77,0
O79993,0
O79452,0
Q8SFK7,0
O79455,0
O79969,0
Q1XIN0,0
O79460,0
O79461,0
Q8SE72,0
Q7HFG0,0
Q8SFK5,0
Q7HFF9,0
O80019,0
P34874,0
P34876,0
P34875,0
Q1XIQ4,0
Q9MQY5,0
Q3L6X7,0
Q3ZED1,0
Q9T9A5,0
Q8WEW8,0
Q7YC73,0
Q9T9I7,0
P29642,0
P29664,0
O47420,0
O20998,0
Q5QD76,0
Q8HCJ4,0
P92583,0
P00157,0
Q6JWX5,0
O78690,0
O99258,0
O47421,0
Q9B9G0,0
Q9T9A7,0
Q508N3,0
Q9GAW3,0
Q508N6,0
Q34473,0
Q94QQ7,0
Q34409,0
Q34462,0
Q5VJ42,0
Q6XBW4,0
Q5YJ58,0
Q9B2F7,0
Q9XNX4,0
Q94T68,0
P29667,0
A0PH66,0
Q34893,0
Q34945,0
Q9TH45,0
Q9G273,0
Q6JDU8,0
Q33723,0
Q3YLA8,0
Q9MI32,0
Q508P2,0
Q9G1Z0,0
Q34957,0
Q8W9F5,0
Q678S2,0
Q5YBK0,0
Q35078,0
Q5QS15,0
P92717,0
Q35409,0
Q71E87,0
Q6ELU7,0
Q6ELU9,0
Q9ZY49,0
O78782,0
Q3L701,0
Q5DX17,0
Q36548,0
Q9XP86,0
Q9T3Q2,0
Q9B9E4,0
Q9XNX0,0
Q36058,0
P24965,0
Q35968,0
O20672,0
O73944,0.985220549955886
Q9UYQ9,0.985220549955886
P05303,0
P17507,0
Q92005,0
P08736,0
Q2HJN4,0
Q2HJN8,0
Q2HJN9,0
P19039,0
P02993,0
P29520,0
P53013,0
Q9YIC0,0
P17508,0
P13549,0
P68103,0
P62629,0
Q66RN5,0
A2Q0Z0,0
P68104,0
P10126,0
Q5R1X2,0
Q5R4R8,0
P68105,0
P62630,0
Q5VTE0,0
Q90835,0
Q32PH8,0
Q05639,0
P62631,0
Q71V39,0
P62632,0
P27592,0
P32186,0
P0CY35,0
Q59QD6,0
P28295,0
P41752,0
A5DPE3,0
Q2HJN6,0
O42820,0
O59949,0
P14864,0
P14865,0
P41745,0
P02994,0
P50256,0
P0CT53,0
P0CT54,0
P0CT55,0
Q01372,0
Q01520,0
Q01765,0
Q09069,0
Q00251,0
P06805,0
P31018,0
P14963,0
P0CT31,0
P0CT32,0
P0CN31,0
P0CN30,0
P90519,0
P34825,0
Q8LPC4,0
Q9HDF6,0
Q00080,0
P29521,0
P25698,0
P34823,0
P17786,0
O24534,0
O49169,0
Q9Y713,0
Q04634,0
Q41803,0
O64937,0
Q03033,0
P0DH99,0
Q8W4H7,0
Q0WL56,0
Q8GTY0,0
Q96WZ1,0
P43643,0
P34824,0
P51554,0
Q27139,0
Q40034,0
P25166,0
P86934,0
P86939,0
P86933,0
Q4G338,0.971162192652568
A4FV72,0.971162192652568
Q9UNP9,0.971162192652568
Q9QZH3,0.971162192652568
Q5R723,0.971162192652568
O94703,0.980511052629122
Q791N7,0.980511052629122
Q1RMP0,0.980511052629122
Q5TM50,0.980511052629122
Q9P1U0,0.980511052629122
Q1XHV8,0.980511052629122
Q4VBV9,0
Q2T9R6,0
Q28IE5,0
Q9NQR4,0
Q5R4L6,0
Q6IR61,0
Q9JHW2,0
Q6INI7,0
Q497B0,0
