Accession_ID,log2FoldChange
Q7MYI0,5.64393890175377
P46952,1.60143405525085
Q8T191,-2.85879695500853
Q39493,NA
Q9SRH6,NA
Q5JKF2,NA
Q9ZGI5,NA
Q9ZGI5,NA
Q9ZGI5,NA
Q9ZGI5,NA
Q9ZGI5,NA
Q9ZGI5,NA
P29356,NA
A7KAL8,NA
Q18409,1.60143405525085
O59922,NA
P62282,NA
Q6PBF0,-3.4375128484544
O64642,NA
P42644,NA
Q8CF82,NA
Q9JHW4,NA
P10982,NA
P80067,NA
F4I6M1,NA
O82528,NA
Q9LKB9,NA
Q9JKA9,NA
Q93VG8,NA
Q94BT9,2.62868230417999
Q80X82,5.1023516144853
P12955,NA
Q942P9,NA
Q99MB4,3.96096137333589
Q90WU3,4.22517921106366
P0CL18,NA
Q54WA3,NA
Q5XII5,NA
Q1JQ66,NA
Q9FKB0,4.3817143564782
Q08942,NA
Q63421,NA
P00504,NA
Q9NSD9,NA
O74945,1.66666688517992
Q9LFT9,NA
P39993,NA
Q9T029,2.37353157567403
Q9SA73,NA
P11503,NA
Q9FJL3,NA
Q9UTI0,1.66666688517992
Q9LFE0,NA
P41041,NA
A0A1B4XBG9,NA
Q8VWI1,-6.47375538034384
Q9LFN6,3.21933279090699
Q0IUU4,NA
B0CPJ0,NA
P21825,-0.354425349706535
Q42290,4.22517921106366
P52285,NA
B3EWZ8,NA
Q54DU9,3.96096137333589
P27323,3.0270502920819
P11144,NA
Q5HZV9,-3.46927592942362
Q05746,NA
Q9D180,NA
Q5R573,NA
Q0U1G2,4.81212134203718
F1LNJ2,-5.39063053242742
F1LNJ2,-5.39063053242742
Q9CWH5,5.89222041973
Q63170,NA
Q4HY71,NA
A4QNG5,NA
Q9M9W1,4.64170245169703
Q3E793,NA
Q8T1E3,NA
Q9D9T8,NA
Q6DGG0,2.62868230417999
Q7DBF3,NA
Q5XIP1,NA
Q9ZR37,NA
Q42560,NA
B9EJR8,NA
Q5CG95,NA
Q6GQN0,NA
Q50KB1,NA
P27085,5.1023516144853
P43332,NA
P0CT84,NA
Q43848,-0.354425349706535
D3ZLY0,NA
O57683,5.1023516144853
Q94BR4,-3.75685790841405
P70704,NA
Q99572,NA
Q95PJ8,NA
Q27178,NA
O65426,NA
P50651,NA
Q9SJD4,-4.13082639633423
Q8VWI1,NA
Q09841,-0.354425349706535
Q9LPX2,NA
Q9LPX2,NA
Q9LPX2,NA
Q9LS40,NA
Q9LIS2,NA
Q5T4D3,NA
P35447,NA
P35447,NA
P35447,NA
P22202,0.174862169279566
Q9JLG8,NA
Q86TL2,1.60143405525086
Q86IZ9,NA
O13755,1.66593718349296
Q9FT73,NA
Q7MGG3,NA
A5FUH4,NA
Q96RW7,NA
Q96RW7,NA
Q96RW7,NA
Q96RW7,NA
Q96RW7,NA
Q8ZKH4,NA
Q04006,3.21933279090699
Q15782,NA
Q8TD08,NA
P27798,6.1229006196165
O12944,NA
Q04656,NA
Q5ZI11,NA
Q9XG77,5.22815380782668
Q54IJ1,NA
Q5QJE6,4.64170245169703
P97390,6.22964850860762
Q9S9Z8,3.63727246708615
Q3SZH6,NA
P0C0L0,NA
Q68CZ2,NA
Q3U2U7,0.456683470603458
Q24F59,3.96096137333589
Q9C0G6,NA
P41001,NA
Q63342,NA
P22543,2.62868230417999
Q8WXX0,NA
A2AWA9,2.62868230417999
O80642,NA
Q940B0,4.48885210385609
Q869Y7,2.62868230417999
Q8CG64,3.21933279090699
Q18409,NA
Q9XHS0,NA
O08759,3.63727246708615
Q9SRH6,-4.28024644934602
Q4JIJ3,NA
P46588,NA
Q75XW3,NA
P50265,NA
P23098,NA
F4I0P8,NA
P45951,1.66666688517992
O14594,NA
Q96PY6,NA
Q86AQ5,NA
Q8L7M4,NA
O14218,NA
Q86A88,NA
P0C6F1,NA
Q9P2D7,NA
Q9QZM6,NA
Q9DBR1,3.21933279090699
Q54PV7,NA
O64629,NA
Q3UIR3,4.64170245169703
Q62559,NA
P54641,-3.12156812307698
Q0IMS9,NA
Q8FDE1,NA
Q96UF2,-3.12901907757266
Q6A4L0,NA
Q8GW48,5.9663164611091
Q95ZQ4,NA
Q6BIJ5,NA
Q3T0U2,2.55001079715062
Q84ZC0,3.96096137333589
P11144,NA
Q8IZN3,-1.77117803320944
Q8IVF4,NA
Q6ZMV9,NA
O44411,NA
Q9HD20,1.60143405525085
Q8K354,NA
Q949R9,-0.354425349706535
Q9VHS8,5.82551047265324
Q56XY2,NA
Q84JF5,NA
Q55AX0,NA
Q9S9N1,NA
Q9ZJF1,NA
P0CS11,NA
P12759,NA
Q9P6P3,NA
D3YXG0,NA
D3YXG0,NA
D3YXG0,NA
P0DKK0,NA
P48510,NA
Q9UVH3,NA
Q968X7,NA
P0CN18,NA
Q54XM0,NA
Q61WR2,NA
Q12874,NA
Q9S7Q2,NA
Q9S7Q2,NA
Q9S7Q2,NA
P36774,NA
Q84WW3,1.60143405525086
Q9Y2D2,-0.354425349706535
Q11120,NA
P40513,0.639664233121726
Q95JL1,NA
Q5EA50,NA
Q5EA50,NA
Q5EA50,NA
Q5EA50,NA
Q54VV7,NA
Q7Z4T9,NA
Q08114,-1.77117803320944
O82201,NA
Q9SZX9,-1.47114747500155
Q9T079,NA
Q9UKM7,5.14199492916692
Q5RD06,NA
Q5RD06,NA
Q1QLI8,3.63727246708615
Q9FX86,NA
Q9FT73,NA
Q8WPW2,NA
Q63486,NA
P34893,4.22517921106366
Q14692,NA
Q9M907,3.21933279090699
Q9M907,3.21933279090699
Q9M907,3.21933279090699
Q6ZQ08,0.639664233121726
Q12874,5.34386164997216
O14327,NA
O88587,NA
Q6AY53,NA
Q54MZ4,NA
Q11KL2,NA
Q8JZK9,NA
O59790,NA
Q9SQN2,NA
C0QTL9,4.96452202123177
A5GW34,3.21933279090699
Q9SFB8,NA
Q9SFB8,NA
Q9SFB8,NA
Q9UFE4,NA
Q9CQL0,NA
Q3E9A4,NA
A6NMK7,NA
Q6I587,NA
A8IHT2,NA
Q6Z437,-0.354425349706535
Q498K9,NA
O09452,2.01643690143153
P46873,NA
P49596,NA
E1C3P4,NA
Q54GX5,NA
O94477,NA
Q5REW0,NA
Q9P7J8,NA
Q5VST6,NA
P41826,5.22815380782668
O95985,NA
Q7M3S9,NA
Q7M3S9,NA
Q7M3S9,NA
P54609,NA
P54609,NA
Q9NJU9,4.22517921106366
Q8N5J2,NA
Q9LTW5,NA
Q9SXD1,NA
Q9SXD1,NA
Q9SXD1,NA
Q9SXD1,NA
Q9SXD1,NA
Q9SXD1,NA
Q9SXD1,NA
B8B2R4,1.60143405525086
Q06827,0.230414199931102
Q06827,0.230414199931102
Q9P2D7,NA
P54676,NA
Q54JE4,NA
O04928,NA
Q9C5M0,4.22517921106366
P79051,NA
O14218,NA
Q29RB1,NA
Q9SJ44,NA
Q6DRC4,2.62868230417999
Q6PAV2,NA
P52427,1.66666688517992
P50991,5.1023516144853
Q54RJ1,-0.354425349706535
Q39584,2.62868230417999
P15088,NA
Q9SFU0,NA
C0QQL8,NA
Q6DHL4,4.93021055030037
Q45FA5,-5.82845556984893
Q54MI3,NA
Q9SMH3,NA
P50265,NA
Q9LNW3,1.60143405525085
Q52JK6,5.22815380782668
Q54BM1,3.21933279090699
P62944,NA
Q0V9S9,NA
O60306,NA
Q55BF2,NA
Q9MA96,NA
Q8BMB3,3.63727246708615
O23717,-21.1728167088848
Q9SMH3,NA
P31674,4.22517921106366
Q08114,4.47676580840325
P45975,NA
P46872,NA
P32911,NA
Q9BX74,1.60143405525085
F4I0P8,NA
P42339,NA
P51954,NA
P9WQE6,NA
P40318,NA
O94653,4.2580206324592
C0KJQ4,-0.391531091527808
Q6P7B0,4.44841738082535
B2RV13,NA
Q9D964,-1.53037996478933
P11144,4.44841738082535
O99252,4.41871192391881
O99252,4.41871192391881
Q7KQM6,NA
Q8KZT5,2.62868230417999
O77783,NA
P59271,-0.187455195794009
Q2HJD7,NA
Q9SMV6,NA
D4AVD4,6.39973924049807
Q03685,NA
P87131,NA
Q8IJN7,3.38538222730567
Q05746,NA
Q66KC4,NA
P41001,NA
Q42438,NA
Q90512,4.64170245169703
Q7XPJ0,NA
Q5R632,NA
Q7ZTZ2,3.63727246708615
P53470,NA
Q5Z8Q9,2.62868230417999
Q38922,NA
Q54JM9,NA
P38542,NA
O59713,NA
A8J1V4,NA
P83877,3.96096137333589
Q99JH1,3.63727246708615
P0DMW1,NA
A8I9E8,NA
Q8LSN3,NA
Q3V384,NA
Q28DH9,1.60143405525086
Q8W117,NA
Q8VZE7,NA
O35231,4.44841738082535
Q54RV6,3.96096137333589
Q9LYK7,2.62868230417999
Q9M1K2,2.62868230417999
Q9M1K2,2.62868230417999
Q9M1K2,2.62868230417999
Q9M1K2,2.62868230417999
Q9SLA2,NA
Q8GYD7,NA
Q9ALA2,NA
Q6ICB0,NA
P0C1J7,2.8071070751714
Q5XH14,-0.665385155392166
Q7XJ96,NA
Q8AB53,NA
Q9ZSK4,NA
Q9DE27,NA
P61129,NA
P28734,NA
P90726,-0.354425349706535
Q5ATG5,1.60143405525086
P0CR38,2.53893752106175
P0CR38,1.60143405525085
Q4A054,1.26204276953787
Q8T2Q0,NA
P21342,-0.354425349706535
Q9TXQ1,4.22517921106366
Q8N5P1,NA
Q54ED4,1.60143405525086
Q8AWF2,NA
A8IQE0,NA
F4IN58,NA
Q08114,NA
Q5R673,0.639664233121726
Q54RV6,NA
P43524,NA
Q9SIC9,NA
Q9SIC9,NA
Q9SIC9,NA
Q9SIC9,NA
Q9SIC9,NA
Q9SIC9,NA
Q9SIC9,NA
Q9SIC9,NA
Q9SIC9,NA
Q9H0R3,NA
Q01989,NA
P38542,NA
Q9C0G6,NA
P46686,1.60143405525086
Q75K27,0.639664233121726
Q8LFS6,NA
Q6MDE0,5.81411332610507
P27133,NA
Q9EZ02,NA
Q5Z8Q9,2.62868230417999
Q9UBV2,NA
Q54ZR7,NA
P98191,NA
O42630,NA
Q53GS9,NA
Q8WW35,NA
Q03042,NA
E9AE57,NA
Q7SY06,3.63727246708615
Q9VTE5,-2.44971930233272
Q54PS7,NA
Q25010,0.0178550922071463
Q8MY12,NA
P47075,2.62868230417999
P9WJB5,NA
Q8BI79,NA
Q75HE6,1.60143405525085
Q6KAJ4,NA
Q9SY09,1.60143405525085
P70569,NA
Q6QNM1,1.60143405525085
P40984,NA
P32911,NA
Q9SSD2,NA
Q9P2D7,NA
A0JMQ0,3.21933279090699
Q8ICR0,NA
E9P886,NA
Q9Y6D6,NA
Q2QAV0,3.63727246708615
Q6P2Q9,6.55187477109017
Q8R3F5,NA
P94132,NA
P38584,NA
Q9CWX9,NA
Q9FF55,-0.422164621715765
Q9FF55,-0.422164621715765
P46793,4.39703576552563
Q55G16,3.40505652937855
Q9LM20,NA
B0FWD1,-1.19544168855574
Q9FNK4,NA
Q93Y52,NA
A0A1D8PI78,-1.37671196230825
Q94C74,NA
Q9C0G6,NA
A8IUG5,NA
Q3EBC2,4.22517921106366
Q5ZLX5,NA
O65084,-0.354425349706535
A8HMZ4,NA
Q552M6,NA
Q9BPU9,NA
Q9LV03,NA
Q54MC0,NA
F4ILR7,NA
F1R777,NA
Q9W4T4,NA
Q2KJG8,-2.44971930233272
Q9FMU6,2.2569929249911
Q1ZXD9,1.60143405525085
O96269,NA
O44001,NA
Q5XIN3,NA
P70269,NA
Q28FY0,NA
Q9FE91,NA
B0W9B4,NA
Q63170,NA
Q9S7Q2,NA
Q9S7Q2,NA
Q9S7Q2,NA
Q9S7Q2,NA
Q9S7Q2,NA
Q9S7Q2,NA
Q9C5J3,3.21933279090699
Q1MTE5,NA
P47808,NA
P34600,NA
Q6DHL4,4.22517921106366
Q10068,NA
Q9ZQW8,NA
Q09522,2.62868230417999
Q9AUV6,4.44841738082535
Q3Y8L7,NA
P32232,NA
Q0D5B9,NA
Q4PGT2,NA
Q86U28,-0.354425349706535
Q6P4T2,-0.354425349706535
Q6P4T2,-0.354425349706535
Q6P4T2,-0.354425349706535
Q9QYJ4,NA
P0C1I8,NA
Q9SHL7,3.63727246708615
Q9CQ48,NA
Q7MVR8,NA
Q5RA75,NA
P20303,NA
O74534,NA
Q6BYG4,NA
P0C7Q7,NA
P0C7Q7,NA
P0C7Q7,NA
P0C7Q7,NA
P0C7Q7,NA
P0C7Q7,NA
P0C7Q7,NA
P0C7Q7,NA
Q8GZ43,-3.01605536141791
P62878,NA
O99252,0.412347345295508
O99252,0.412347345295508
G5ECS8,NA
G5ECS8,NA
G5ECS8,NA
G5ECS8,NA
G5ECS8,NA
G5ECS8,NA
G5ECS8,NA
F4ILY9,2.67481547782654
Q4PEQ5,NA
A7RM20,-0.354425349706535
Q6BXZ7,3.4860290046332
O64642,3.26275915548465
Q4R7D5,NA
P55925,NA
O64642,NA
Q7Z4L5,-0.354425349706535
P48166,NA
Q54JC8,NA
Q8W586,1.60143405525085
Q25691,5.34386164997216
Q6GQB9,NA
F4HYD7,NA
Q9SXD8,NA
Q56P03,NA
Q2KHT3,NA
P42789,NA
Q5R407,3.21933279090699
Q38951,NA
Q86HD3,-0.354425349706535
F4IRW0,NA
P27085,NA
Q2GAU7,NA
Q9CQI7,3.79454919562048
Q8IZU2,NA
Q8S9J0,NA
Q9LSU0,4.81212134203718
Q9DG68,3.48605327111107
Q00004,NA
Q23681,NA
Q9LKW9,NA
Q8NSH8,2.62868230417999
Q42510,NA
Q54QU8,NA
Q28139,NA
Q4VBV9,0.981705096700712
P31320,NA
P26182,NA
Q2QS14,NA
P42795,NA
Q68HB4,-0.165040629125317
Q9ZQW8,-0.354425349706535
Q10251,3.75825635864402
Q2TBI4,-3.55200290636277
Q3V0Q1,NA
Q9SIC9,0.639664233121726
Q9SIC9,0.639664233121726
Q9SIC9,0.639664233121726
Q9SIC9,0.639664233121726
Q9SIC9,0.639664233121726
Q9SIC9,0.639664233121726
Q9SIC9,0.639664233121726
Q9SIC9,0.639664233121726
Q9QYK9,1.66666688517992
Q24562,4.26597590377821
Q9SXC8,NA
C0LGQ7,5.1023516144853
P70269,NA
P70269,NA
Q9FMU6,-1.47114747500155
P80455,0.454174638352545
Q8CDU5,NA
Q8R5K2,NA
Q96361,NA
P49605,NA
Q922R0,1.60143405525085
Q9STS3,NA
Q7K2X8,NA
O13861,NA
Q8NSL2,NA
Q9P2J5,NA
Q2UVJ5,1.60143405525085
Q9SMR2,NA
Q00808,NA
Q00808,NA
Q00808,NA
Q00808,NA
Q00808,NA
Q00808,NA
Q00808,NA
Q00808,NA
Q00808,NA
Q00808,NA
A7MAZ3,4.44841738082535
P48598,NA
P79051,NA
Q96MR6,NA
Q8IYE0,NA
Q4ZSZ2,NA
P15847,-2.19126801252296
P15847,-2.19126801252296
Q24F59,NA
Q9SEE9,-3.28568530607309
Q9CZX9,-0.354425349706535
P00565,3.60439858497676
Q10179,NA
Q15386,NA
P0C7Q1,3.21933279090699
E9PSL7,NA
O16110,NA
Q54JL0,NA
Q9P784,-0.354425349706535
Q39610,NA
Q9MAG3,NA
P42649,NA
O45293,NA
P27799,NA
P24724,NA
Q9FMU6,5.81411332610507
O76743,NA
Q05945,NA
Q6Q4H1,1.60143405525085
O99256,-0.113120675613749
Q4R649,NA
Q98SJ2,-2.28173078247849
Q15034,NA
Q96361,3.63727246708615
Q54J75,-0.354425349706535
Q8BP78,-0.354425349706535
O74445,NA
Q8GWE6,0.639664233121726
O75582,NA
O75582,NA
P0A986,1.60143405525085
Q8IIJ9,NA
P0C881,NA
P0C881,NA
P0C881,NA
P0C881,NA
P0C881,NA
Q9C7F5,3.21933279090699
P28011,NA
P0CQ96,-0.354425349706535
Q9XF62,-4.17333712786442
P52297,NA
Q0DB53,NA
Q9BXJ9,NA
A8IR43,NA
Q8VDF3,NA
Q8MQU6,NA
O35900,3.21933279090699
O67679,NA
Q9H1X1,NA
Q0VD26,NA
O80480,3.96096137333589
O80480,3.96096137333589
P23403,3.96096137333589
Q9P2P6,NA
Q7ZV96,0.784906256755762
Q9LHG8,NA
Q9C658,NA
Q9LVP1,NA
O99252,3.854717812348
Q9FF17,NA
P31320,NA
P26182,0.366847254025669
Q8W4I9,NA
Q0J2L7,NA
P54567,NA
Q54M20,NA
O94613,NA
Q6QNL9,NA
A6WXG3,5.4509733368375
Q9ZWG1,NA
Q9ZWG1,NA
Q564U4,NA
P15128,NA
Q8LKS5,NA
P93028,NA
Q8RXE7,NA
Q9P4Z1,NA
Q6DRC4,NA
Q8IID4,NA
Q54QU5,3.96096137333589
Q9DC37,NA
O13370,NA
E9Q5M6,NA
Q9SIC9,4.44841738082535
Q9SIC9,4.44841738082535
P43524,NA
P31320,NA
Q9FMA3,2.67478924073986
Q9DD03,NA
P92974,4.81212134203718
Q9C270,1.60143405525085
P70419,NA
Q8VCC9,-4.99525778550269
Q8VCC9,-4.99525778550269
Q99LB7,NA
B9RAJ0,4.44841738082535
Q9LFP3,NA
O35900,4.61493079570089
P30707,5.34386164997216
Q8MQU6,NA
Q8W4I7,NA
Q28C22,NA
O15743,NA
Q8L3Z8,NA
O42161,-0.100444614128548
F1MLB4,NA
P55925,NA
Q54R82,NA
Q17FP1,NA
Q55C66,NA
P40614,1.60143405525085
Q96361,1.60143405525085
Q8C1B2,4.44841738082535
Q54SR7,1.60143405525085
Q09775,2.62868230417999
P49605,NA
Q6Z382,-1.01338460895006
Q4P6I3,-0.143019768513666
Q6EQX3,NA
Q869L3,NA
Q869L3,NA
Q869L3,NA
Q7ZUH1,3.68550527543438
Q2TAA5,NA
P35684,NA
Q8N573,NA
Q1GPB3,-0.354425349706535
Q6TGC6,NA
Q6ZIV7,-1.174022454895
Q8TD57,NA
P51414,NA
Q3V3N7,NA
Q0IHY4,NA
P27323,-0.270604449562206
B1ANS9,NA
Q54UC9,NA
Q6NS23,2.44153334280928
O48646,NA
Q8W4D0,3.26275915548465
Q4R6P7,NA
A6QP81,4.00227551576499
Q63184,NA
Q924N4,NA
Q9MAG3,NA
O62179,NA
Q5QMN3,3.63727246708615
Q8RWS8,NA
Q8RWS8,NA
O16110,NA
O60508,-6.87491416340046
O35254,NA
P09437,2.62868230417999
P24021,NA
Q8QZY1,NA
Q9Z273,NA
Q8VH51,NA
Q09916,3.21933279090699
Q9RPT1,2.62868230417999
O14098,NA
Q0WPX9,3.21933279090699
Q8GUG7,NA
P72188,3.21933279090699
Q4IA62,NA
Q9XHS0,4.64170245169703
Q2QM47,NA
B4KNA9,NA
Q39565,NA
Q588V7,NA
P0CT80,NA
P12078,NA
P0C6F1,NA
Q9ZVH4,4.96452202123177
Q6K550,NA
Q9LR78,NA
Q54E21,NA
Q9UP95,NA
Q9NW08,NA
Q9Z273,NA
P37167,3.06378580623289
Q5XI59,NA
Q9QVC8,NA
P32911,NA
Q3SEK2,NA
Q8CFF0,NA
Q54DS8,NA
Q40255,NA
O42248,5.93128071964139
B6SHG7,5.4509733368375
Q24799,NA
P50851,NA
O14327,NA
P25387,1.9911792104377
Q0DA50,NA
Q9SZX9,-2.66873899628511
Q9L4Q7,NA
P22518,NA
Q9LVA7,NA
Q6PBF0,NA
P26572,NA
Q12344,NA
Q03132,NA
Q03132,NA
P11139,4.00001250788438
P17735,NA
O18598,0.548211985778487
Q19706,NA
Q8LGF7,NA
Q9LZ98,NA
C1D8N3,2.18856755302902
Q9ZGI5,NA
Q9ZGI5,NA
Q9ZGI5,NA
A6TU88,-0.354425349706535
Q8L7A0,NA
Q01740,NA
P80322,NA
Q5KWZ3,NA
Q9ZSK4,2.62868230417999
Q5PQA4,NA
Q6QMZ7,2.36509830212144
Q5DM57,NA
P33202,NA
Q98TF5,3.96096137333589
P07001,NA
Q9V410,NA
Q9V410,NA
M1CZC0,NA
Q5RD73,NA
P33188,4.8791147415235
Q6MDE0,4.96452202123177
Q05746,NA
Q2M329,NA
Q92890,-0.962093428212343
Q6MDE0,NA
Q9R0I6,NA
Q8LLD4,NA
Q55CD9,NA
P48467,-0.354425349706535
Q6A098,NA
Q27802,NA
Q0ZHH6,NA
P22125,NA
A8HUA1,NA
Q5ZC88,NA
Q8RXE7,NA
Q39610,NA
Q9ZSK4,NA
Q2VZN0,7.5797773006472
Q5EAR5,NA
Q0VCS9,3.21933279090699
C1D8N3,NA
Q9FKS0,NA
Q54XK2,NA
Q9FGZ9,-1.77117803320944
Q8LGF7,3.1983326813922
O24308,NA
P70269,NA
Q9HEH1,NA
Q9TXQ1,NA
Q5FWF4,NA
Q9FHN8,NA
Q7XZU3,NA
O82413,NA
Q8LGG0,NA
C9JRZ8,NA
Q99956,NA
Q84M95,NA
P25387,NA
Q5R478,NA
Q8ICR0,NA
Q9P2D6,-0.354425349706535
Q9P2D6,-0.354425349706535
Q8ICR0,NA
P62752,NA
Q06450,NA
Q54WR9,NA
Q9S7Q2,NA
Q6PS57,NA
A7YWC4,NA
P0CM16,-0.790384998523026
Q86TZ1,NA
Q09907,NA
Q9N5L4,1.60143405525085
Q9DE26,NA
Q9UFH2,NA
Q05746,NA
Q9SAF5,NA
Q03719,NA
Q8H4D4,NA
P15398,NA
Q63170,NA
Q9SXC9,NA
Q9V438,4.64170245169703
Q9V438,4.64170245169703
Q0WPX9,NA
Q9Y3B7,3.96096137333589
E9Q8T7,NA
B6EUA9,NA
Q7XUF4,NA
P07260,NA
P07260,NA
O44001,NA
A3LXL0,NA
A3LXL0,NA
Q9P6Q3,NA
Q9V7Y2,NA
P54417,NA
Q9US55,NA
Q6NYH1,NA
Q4PEQ5,-1.00802268053355
Q657W3,NA
Q8YVU6,1.79248440424597
Q01386,4.81212134203718
Q94A97,NA
Q9M1K2,NA
Q9ERH3,3.96096137333589
O14830,NA
Q9DAK2,NA
Q6BMY0,NA
Q8N4V2,NA
Q10058,2.62868230417999
P67470,NA
Q5R7Y0,NA
Q5R7Y0,NA
P40796,NA
P26369,5.89222041973
P51272,NA
Q4V9Y0,5.20622030366562
Q8VD72,NA
Q6NKS1,-1.174022454895
P0DL09,NA
Q9NYC9,NA
Q653S3,NA
Q4Z015,NA
Q55GE2,NA
P58374,-2.65051279868233
O13755,4.00229858273077
O60242,NA
O60242,NA
O60242,NA
Q54BM8,4.22517921106366
Q9LD90,0.527813276444141
P53062,3.67939099906179
Q5ZIM5,1.26204276953787
P56820,6.60592622879796
Q40353,-0.354425349706535
P51817,NA
P21271,NA
P49967,1.60143405525085
P19211,NA
F9UUD2,NA
Q9P2D7,NA
Q9CQQ8,3.21933279090699
Q9CQQ8,3.21933279090699
Q6Q1P4,NA
Q28FE4,NA
P30771,3.63727246708615
P43333,2.62868230417999
O75386,NA
Q9C0G6,NA
Q2KDW6,3.68550527543438
Q0WQF4,-0.354425349706535
Q9HGI7,3.63727246708615
P96111,NA
O99252,-23.2392247900417
Q5RCP3,0.159697593750847
Q2KIA4,NA
Q9C505,-0.354425349706535
O60242,NA
O60242,NA
O60242,NA
P54927,NA
A8WVU9,NA
Q6AY17,NA
Q6BH22,NA
P41753,NA
E9Q8T7,NA
Q54DD7,NA
Q08114,NA
P48758,1.60143405525085
D2VRR7,NA
B6F209,NA
Q9ZU97,NA
P08995,NA
Q9WY55,3.63727246708615
Q9U299,NA
Q28EL0,NA
Q8CFK2,NA
Q09530,NA
Q9V3H2,1.60143405525085
P46575,1.09725749846184
Q7S7C5,NA
Q28653,-5.6352350687699
Q0IMS9,NA
Q08C92,3.63727246708615
Q94503,NA
Q6BIK6,4.90733614007699
Q9UTN2,-1.174022454895
Q1JP63,NA
Q9D180,NA
P80439,0.639664233121726
Q99JD3,NA
Q8W4I9,NA
P09446,NA
O94686,2.62868230417999
Q39575,NA
Q14204,NA
Q8N841,NA
Q9P6K1,3.96096137333589
Q2KIA4,NA
Q9T079,NA
A8HYU5,NA
Q84ME1,NA
Q9CPV7,3.21933279090699
Q9ST62,NA
P41203,NA
O14232,2.71989844530617
Q55GU0,NA
P38795,1.60143405525085
P34243,NA
P58006,NA
Q9SMH3,NA
Q22235,NA
P40513,4.81212134203718
Q6AZG6,3.31010025956031
O94083,2.15331852879176
C0LGV0,NA
Q9CQQ8,-0.354425349706535
P9WQ35,NA
P36017,NA
Q925U4,NA
Q803I2,5.81411332610507
Q66KL9,4.26597718754792
Q8MPF7,NA
Q9BZJ0,4.96452202123177
Q7ZWS1,NA
Q9LZ82,NA
E9PY46,NA
P58374,6.77443715375334
Q9SGA6,5.73153356746854
Q9UTN2,NA
P0C218,NA
Q9SYB0,NA
O27296,NA
Q8QGH2,NA
O95628,NA
Q54DY7,NA
P40911,3.21933279090699
Q295U7,5.1023516144853
Q6SP97,1.60143405525085
O43930,NA
Q22004,2.62868230417999
Q10139,NA
O96651,NA
A3E4D8,-0.30052987735357
A3E4D8,-0.30052987735357
Q867X0,NA
Q99LB7,NA
Q5JKF2,2.62868230417999
O00567,4.64170245169703
P20147,NA
Q9Z2K9,NA
Q9LV09,6.03679015689547
A8XW88,NA
Q6A1A2,NA
Q54I48,NA
P29677,-0.354425349706535
Q8NEM8,NA
P48166,1.60143405525085
Q8H0V6,NA
Q9T029,1.60143405525085
Q08603,NA
F4JSZ5,NA
Q03685,NA
Q99460,NA
Q8I5R7,NA
Q3TFK5,NA
P38420,NA
Q9R0M8,3.21933279090699
Q39610,NA
O22145,NA
Q9JLV6,NA
Q6EE22,NA
Q6EE22,NA
Q2T9M4,NA
P48456,NA
P46718,3.63727246708615
P53041,NA
P93484,NA
Q00075,-1.61693222826069
Q9QZ11,NA
Q9HFY6,3.26273589314689
O14134,NA
Q8IBG1,NA
B0JU67,NA
Q6CLR3,3.63727246708615
Q9P1Q0,1.60143405525085
Q9SSF1,-1.7945669745425
B9DFV2,NA
Q5ZIW5,NA
Q5ZJ58,NA
Q56X76,-2.91641064955185
Q9LVC3,NA
Q9LQK0,NA
P38584,-1.174022454895
P38584,-1.174022454895
Q2QY37,NA
Q8NI77,NA
Q13472,NA
Q9SB50,3.48605327111107
P0CN80,NA
A5I5U3,4.44841738082535
A8IQE0,NA
P49692,NA
Q63170,NA
Q3E9C0,NA
Q4VBT5,1.66690930614186
O22928,NA
Q9USK1,3.40505652937855
Q800A0,NA
Q652Z7,4.44841738082535
Q9JKN6,NA
P52285,NA
Q38AH0,3.96096137333589
Q5RB75,NA
B2V6N0,NA
O81069,NA
Q22235,NA
Q8MV48,NA
B9DKR5,NA
P11503,NA
A7J1T0,NA
Q8IZN3,5.34386164997216
Q6PFP6,NA
Q6VVB1,0.679376425835959
Q05746,NA
B0WMG3,NA
A4S3S3,2.8071070751714
P32454,NA
Q6FQ31,NA
Q8VDM6,-0.354425349706535
P27996,NA
P90519,6.35605927486799
C6AR33,NA
Q24491,3.21933279090699
Q9UQ07,NA
Q5XF24,NA
Q6NYL3,NA
O75976,NA
O75976,NA
P0DPA1,NA
P52285,NA
Q54L40,NA
Q64674,NA
Q7SXS2,5.68315940105624
Q500V2,3.21933279090699
Q9C6B9,NA
Q9ALA2,-0.354425349706535
P25323,NA
Q9LF30,7.20000236246357
Q9S7Q2,2.62868230417999
O13762,1.60143405525085
P38988,NA
Q9JLG8,NA
P0DO17,NA
Q9UJK0,4.96452202123177
Q9VCH5,NA
O43033,3.63727246708615
Q5RJT2,2.62868230417999
P38584,NA
Q6PBF0,NA
P84339,NA
A0A0L0P6P7,NA
Q9P7Q4,4.22517921106366
Q8ZT00,NA
P48820,NA
P48820,NA
P59223,4.96452202123177
Q9SXD1,3.21933279090699
Q9SXD1,3.21933279090699
Q9SXD1,3.21933279090699
Q9SXD1,3.21933279090699
Q66KM5,NA
Q3EAR7,NA
Q8WXX0,NA
P36863,NA
O60121,5.89222041973
F4K4E3,NA
Q5ZKR7,NA
A7SDW5,4.98465712739158
Q1RS89,5.1023516144853
B1XVE9,NA
Q6BI69,NA
Q2UVJ5,NA
Q9FHN8,NA
Q63170,3.63727246708615
Q9JL04,NA
A4IF62,NA
Q9CQS8,1.60143405525085
Q39575,NA
Q3TFK5,NA
Q00WL5,1.60143405525085
Q6DDZ9,NA
Q3UHX9,2.71989844530617
O81742,NA
O94565,NA
Q4IJ84,NA
Q9D6J3,NA
Q9IAL7,NA
Q8WMS6,NA
Q5RFQ0,NA
Q9LMI0,NA
B2UQ30,1.60143405525085
Q9UBT6,NA
Q9SVV9,NA
Q9SFU0,NA
F4KIL8,NA
Q96MR6,NA
P25323,NA
P46874,NA
Q8AVX5,NA
Q550K8,NA
P54750,NA
Q94IN5,NA
Q641Z6,5.64393890175377
P57106,NA
Q54KL5,-1.47114747500155
Q8IVS2,NA
Q9SKZ5,NA
Q63170,NA
Q4P0I7,NA
Q7ZV96,4.22517921106366
A6N7Y9,NA
Q63486,NA
F4I893,NA
Q0WWQ1,-0.71039951535885
Q54VQ6,NA
Q80SU7,NA
Q5D1D6,NA
Q6AYJ1,NA
Q6Y5M5,NA
Q6N075,2.62868230417999
Q8NSH8,NA
Q56Y85,-1.30413845650282
Q8K2U2,NA
P49210,0.0318804404900088
Q8BNI4,NA
Q9D180,NA
F4JIN3,-0.354425349706535
Q8T3X9,NA
P14223,NA
Q05920,NA
E1BNG3,NA
E1BNG3,NA
Q7DLR9,NA
O94565,NA
P47816,NA
Q54UP9,NA
Q962U1,-1.45577529796588
Q39610,NA
Q5ZI87,NA
P31582,NA
Q54I57,NA
Q9SFU0,NA
P93484,NA
Q39022,NA
Q9V410,NA
Q9V410,NA
Q9V410,NA
Q9V410,NA
Q9V410,NA
Q9V410,NA
P49020,-4.52303852441403
P24044,NA
P56183,2.62868230417999
Q8WR51,NA
P15381,NA
Q9KVD5,3.21933279090699
Q54E49,NA
Q9U5Z8,1.8935828341247
Q01780,NA
Q7XWK5,3.18042412831615
O44001,-1.58198881451886
B4PVH6,NA
Q55BN8,NA
P00399,-0.376523439916152
P00399,-0.376523439916152
Q5UNW1,NA
Q55DP8,0.843326288056559
Q16959,NA
Q6AX60,NA
P0DMT5,3.21933279090699
Q0CLK1,NA
Q8H2T0,1.60143405525086
P35687,NA
A1CRM1,-0.0907085123520296
Q91YJ3,NA
Q54DW2,NA
P49692,-3.02667030724023
Q05746,NA
Q9SG12,NA
Q9C0G6,NA
Q84VQ3,NA
P18294,NA
P18294,NA
P18294,NA
Q54I57,NA
Q4FZT9,-2.71017412267557
Q4S4I5,NA
Q9CXW3,NA
Q2TCH3,NA
Q8IY21,NA
Q8IZU2,NA
Q0IHR1,NA
Q42883,NA
Q54BM8,NA
Q9SQN2,NA
Q8BW94,NA
Q8RX88,-1.37362373834452
Q8TD57,NA
Q9D529,NA
O94703,4.64170245169703
B2RR83,NA
P26182,0.639664233121726
Q72VB8,1.60143405525086
B9FMJ3,NA
Q5RCS9,1.60143405525085
Q06827,NA
Q06827,NA
A6N6J5,NA
P54567,NA
P54567,NA
Q8N9V3,NA
P35317,NA
Q4UEA0,NA
Q81QK2,NA
O60114,NA
Q63486,NA
Q54M94,NA
Q55D55,1.60143405525086
B9PVB9,4.44866951024306
Q8ICR0,NA
Q4P0I7,NA
Q8CG65,NA
O15865,NA
Q9URZ1,-0.354425349706535
P27323,-0.0427329467588321
Q54MZ4,-0.354425349706535
Q54MZ4,-0.354425349706535
P22817,NA
Q7XJ53,NA
Q9SQN2,5.21670281359792
O43292,NA
Q8YTC2,NA
Q8YTC2,NA
Q8YTC2,NA
Q8YTC2,NA
Q8YTC2,NA
Q9LW15,3.21933279090699
Q6DV14,3.21933279090699
Q9ZV36,NA
Q8L796,NA
Q8L796,NA
Q8L796,NA
Q9BLG3,NA
Q67Z52,NA
Q12056,NA
Q99JH1,NA
Q5CKJ0,NA
Q8W4M5,NA
Q9Y233,NA
Q1LZ96,NA
Q9VF81,NA
Q968X7,-6.28898148309673
P32495,1.60143405525085
P32897,5.34386164997216
Q5AWD4,NA
Q8IIJ9,NA
Q2QAV0,NA
Q8GZ26,NA
P29763,NA
Q16959,NA
Q9LXT3,1.60143405525085
Q6DGL8,NA
Q9SIP7,-1.5777458472545
Q28EN2,NA
Q6P3R8,NA
Q1KKS2,NA
Q7XPJ0,NA
Q05856,3.96096137333589
Q60HE2,3.96096137333589
P34120,2.60155434323362
P31851,NA
P32023,NA
Q4N6K2,NA
P48166,NA
Q6NVM6,3.48605327111107
Q9JZ29,NA
Q3ZBR5,NA
Q8BHB4,2.62868230417999
Q8BHB4,2.62868230417999
Q8BHB4,2.62868230417999
Q8BHB4,2.62868230417999
Q9I2A8,NA
Q8K0V4,NA
Q3EAR7,NA
Q2TAC6,NA
Q23917,NA
Q7S4P3,NA
Q5M7D1,NA
O14343,NA
Q5TYS5,NA
Q06389,NA
Q6NZP1,NA
P50336,4.81212134203718
Q5R5J8,NA
Q9C4Z6,NA
A8JAF2,NA
Q5B020,NA
Q4N655,1.98881140974026
Q9LUZ4,NA
Q8WXX0,NA
Q6PHI9,NA
A0CDD4,NA
Q54CX4,NA
Q14012,-0.354425349706535
Q8I4T1,NA
P62313,NA
Q7RAH3,NA
O24308,NA
Q5B020,NA
F4K2E9,3.63727246708615
Q5PQZ3,NA
Q9SA63,NA
Q1QEC2,NA
O65359,-0.354425349706535
P50336,4.22517921106366
Q5R5J8,NA
Q9SZ69,NA
P47838,NA
Q02984,NA
Q8H0V6,3.63727246708615
Q8H0V6,3.63727246708615
Q8R1F6,NA
Q56YP2,NA
Q56YP2,NA
Q9C0G6,NA
Q61XD3,NA
P02385,NA
O95363,NA
P80439,-0.89982145502893
Q54FE6,NA
Q5FWF4,NA
Q6NVM6,NA
Q5UNS8,-0.354425349706535
Q39055,NA
Q07412,1.60143405525085
P39898,NA
O23708,-1.54555058339464
Q8NG66,NA
Q4N6K2,NA
Q1JPJ8,-0.354425349706535
Q5JVL4,3.16354825565244
Q5JVL4,3.16354825565244
Q9FMU5,NA
Q9P4X3,5.9663164611091
P31851,5.49345551867581
Q23MT7,NA
Q54TJ4,3.21933279090699
Q5ZIM5,NA
Q6QNM1,5.4509733368375
Q1KKS2,NA
P22953,NA
Q6QQT1,NA
Q9P0U3,1.55147690390754
Q9LZQ9,NA
P38088,1.60143405525085
P29763,4.44841738082535
Q03131,4.64170245169703
Q03131,4.64170245169703
Q03131,4.64170245169703
Q03131,4.64170245169703
Q5PQ44,NA
F4K2E9,3.63727246708615
Q8R977,NA
Q9Y4C8,NA
P27398,NA
Q02792,NA
Q8IV35,NA
P27996,NA
Q2HJH6,3.21933279090699
Q2HJH6,3.21933279090699
O14036,NA
Q9H0K6,-0.354425349706535
B7FAL5,-2.75169730867106
Q8R3F5,NA
Q63421,NA
Q8W4M5,NA
Q8FDE1,NA
Q6NZP1,NA
Q6F754,NA
Q8LPL6,NA
F1QXD3,NA
O84348,5.81411332610507
Q7SXP2,NA
Q0JHZ2,-0.354425349706535
P62255,NA
Q7XJ53,NA
P33610,NA
P21762,5.4509733368375
P29356,NA
Q9VNV3,NA
P78706,3.96096137333589
A4PBL4,3.63727246708615
O13615,-0.354425349706535
Q8L7K0,5.34386164997216
B2RW38,NA
B6IRR7,4.38173526103666
P40818,NA
Q9R1S8,NA
Q9DB85,-1.05607623629032
P51817,NA
Q8PHB6,3.96096137333589
O77404,2.06648900719679
F4JLE5,NA
P50648,-0.354425349706535
Q9H892,NA
Q39575,NA
Q0VAA2,NA
Q9JME5,NA
Q9M9W8,NA
Q55585,NA
Q803I2,NA
Q940G0,1.60143405525085
Q54G07,3.63727246708615
Q6P656,NA
Q9SII9,3.96096137333589
Q9XIE6,NA
Q5Y5T1,4.22517921106366
Q5T4D3,NA
P0CP20,NA
P35679,2.87792704029957
Q9D7B1,NA
Q4UMH6,NA
Q4UMH6,NA
Q4UMH6,NA
Q4UMH6,NA
Q4UMH6,NA
Q4UMH6,NA
Q4UMH6,NA
Q4UMH6,NA
Q4UMH6,NA
Q4UMH6,NA
Q4UMH6,NA
Q4UMH6,NA
A8WE67,4.81212134203718
Q64M78,NA
Q9SA72,NA
Q7T3H1,-0.354425349706535
Q0V6P9,NA
Q80VD1,-3.6580657367787
Q9BXS5,2.62868230417999
Q7KQL8,NA
Q9FIX3,NA
Q9FIX3,NA
Q9FIX3,NA
Q9FIX3,NA
Q9FIX3,NA
Q1LWG4,2.62868230417999
A4IIN5,NA
Q642H9,NA
Q39593,NA
Q9JMJ4,4.36251900396401
Q9JMJ4,4.36251900396401
Q9C5Z1,3.21933279090699
B2RXR6,NA
B2RXR6,NA
B2RXR6,NA
Q6NY77,NA
Q8GWE6,NA
Q8W117,NA
B0E2U2,NA
B0E2U2,NA
Q9P4Z1,NA
Q9T042,NA
B1YGW1,NA
Q07551,NA
Q04770,NA
Q5XGY1,NA
Q9LVK9,NA
Q6ZTR5,NA
Q6ZTR5,NA
Q5R5J8,NA
Q0JM17,4.1581167303243
A8WGF4,NA
I6XHI4,NA
Q6C537,NA
Q5DU05,NA
Q54XK2,NA
Q962X7,-1.174022454895
Q01YC2,4.64170245169703
P02402,2.62868230417999
Q65WT0,4.44841738082535
A0PJN4,4.22517921106366
Q3UMC0,NA
Q3UMC0,NA
Q3UMC0,NA
Q12611,3.96096137333589
Q54XK2,NA
Q962X7,NA
Q6K641,NA
P46875,NA
P46892,NA
P18334,NA
C0ZIF7,NA
Q9LV35,NA
O77814,5.4509733368375
Q9FI61,-2.19126801252296
Q500Z2,NA
A8HQ54,NA
Q5XGY1,3.21933279090699
Q7K755,NA
P34893,NA
Q5SSZ7,0.639664233121726
Q5H879,NA
P42795,2.62868230417999
A1UU56,4.81212134203718
Q9SA78,3.21933279090699
Q766C3,NA
B2RTY4,-1.38353884762381
Q23280,NA
Q9LST6,1.60143405525085
Q9UI17,NA
Q92630,NA
Q5E9D0,5.55068156414829
P96554,NA
Q9SMH3,NA
F4KCC2,NA
Q9FYH7,NA
A7SWH1,-1.87591578512813
Q96GG9,5.1023516144853
Q6P656,NA
Q7ZVZ7,NA
Q5PP70,NA
Q9VNA0,-5.35044502545682
Q24307,-0.354425349706535
Q7KWX9,5.34386164997216
Q9P0S9,-1.77117803320944
Q84H44,3.21933279090699
Q6NX27,5.12071987196794
Q9Y8G8,NA
Q9VYS3,NA
P57772,3.67936921429286
Q50LG2,-0.354425349706535
Q9XGM2,NA
Q9BYT3,NA
O22899,NA
P54278,NA
P93254,3.63727246708615
Q39230,2.62868230417999
P11144,NA
A8HYU5,6.22964850860762
O14617,NA
Q4V7B1,NA
Q9S7X6,NA
Q54WR9,NA
P63172,NA
Q6GMY9,NA
Q8F641,NA
O35016,NA
Q9SBJ1,NA
Q86L99,NA
Q86L99,NA
Q86L99,NA
Q9ULV0,NA
Q54D10,NA
Q5BKI6,NA
Q8W117,NA
Q7Z4L5,NA
P46793,0.453778407933771
P53041,NA
Q54P51,NA
P25778,1.60143405525086
Q61880,NA
Q9HDY4,NA
Q9FT73,NA
Q4FP38,1.14482513456625
O48709,NA
O48709,NA
O48709,NA
O48709,NA
O48709,NA
Q9SEE9,1.60143405525085
P15623,NA
Q5RCG9,4.22517921106366
Q86ZC1,NA
Q8UVY2,-0.354425349706535
Q5QMN3,NA
Q61CA3,NA
Q96MR6,NA
O13823,NA
P31209,NA
P55577,NA
Q9SU08,NA
P50583,0.608339896570742
P49692,3.63727246708615
A8GG79,NA
P07276,NA
Q9P2D7,NA
Q09727,NA
Q6BTA4,-1.01338460895006
Q54NM9,3.63727246708615
O73944,3.21933279090699
Q9US41,-0.354425349706535
Q8GWE1,NA
Q9UHR6,NA
Q8N6V9,NA
Q09911,NA
Q32KW2,1.60143405525085
Q8NSH9,3.68550527543438
O13755,2.8071070751714
Q66KB0,2.62868230417999
Q0VA42,-1.10712912707396
P42036,NA
Q9FLN5,NA
P23500,NA
Q4N655,2.62868230417999
O82528,5.64393890175377
Q9FKW4,NA
P9WQ35,NA
E7F8F4,NA
E7F8F4,NA
P14091,NA
Q96NN9,NA
Q03387,2.62868230417999
Q9Y810,4.22517921106366
O95478,NA
B2RYG6,3.68550527543438
P55465,1.26204276953787
P20147,NA
Q9M8T9,NA
P29356,4.22517921106366
P35447,NA
P35447,NA
P35447,NA
P35447,NA
O04202,1.60143405525086
P52393,3.63727246708615
Q68FF0,NA
Q9SUM2,NA
Q8P9T9,NA
Q8T882,NA
Q53HC9,NA
Q55AX0,4.22517921106366
P37296,NA
Q54DW2,NA
Q07538,1.60143405525085
Q9P2D7,NA
Q99JH1,NA
Q9SVV9,5.1023516144853
P35130,NA
P71019,-1.77117803320944
Q51342,NA
Q05746,-0.219170079252992
P0C1H9,3.96096137333589
Q54NU9,NA
Q9HDW8,4.81212134203718
P21187,NA
P21187,NA
P93107,NA
P93107,NA
P93107,NA
P93107,NA
Q0DBU3,NA
O02494,NA
Q9XYP7,NA
Q8W4M7,NA
Q16959,NA
P05987,NA
P05987,NA
Q91VN6,2.43842710496641
Q8N6V9,NA
Q4R8C7,NA
Q9P2D7,NA
Q16644,NA
Q7ZV96,2.36509830212144
Q5U5C5,3.63727246708615
Q9M1K2,-0.354425349706535
Q9M1K2,-0.354425349706535
Q9M1K2,-0.354425349706535
Q9FE64,2.62868230417999
Q94JI5,NA
Q9C774,3.96096137333589
A2XGQ1,4.56808960308771
Q9LUQ6,4.22517921106366
F4ISQ7,NA
P50503,3.63727246708615
A2APC3,NA
Q9M4G4,NA
O13823,NA
Q5FWM8,NA
Q27YU0,NA
Q57695,-0.354425349706535
Q641X6,NA
O35594,NA
P05389,1.57724121325676
F4HPR5,NA
Q4FP38,-6.28898148309673
Q9H7B2,3.84983056307337
Q2GZQ4,4.00001250788438
Q6CNW2,NA
Q0IIF7,2.62868230417999
P24724,-0.354425349706535
Q8BJL0,NA
Q9SFB8,NA
Q9SFB8,NA
Q9SFB8,NA
Q9SFB8,NA
Q9SFB8,NA
Q8R1N4,1.55147690390754
Q8R1N4,1.55147690390754
Q96M69,NA
Q9M5L0,2.25688505449557
Q9Y0V6,NA
Q8W4M7,NA
A3EWL3,NA
Q9BKS0,NA
Q5XH16,NA
Q64392,NA
Q65X23,NA
Q8VE37,NA
Q8VE37,NA
Q75JD5,NA
P16157,NA
P12261,-0.354425349706535
Q9FJR0,NA
Q54ML1,4.44841738082535
Q4G0P3,NA
P9WGB7,NA
P42795,-1.87591578512813
P53498,NA
Q5RC80,NA
Q3TYL0,NA
Q962U1,5.1023516144853
O13823,NA
O44001,-1.27851726564927
E9PY46,NA
Q9FMJ0,NA
Q14679,NA
P55390,NA
Q24F59,NA
Q941I6,NA
Q8BLD6,NA
O96269,-0.127199111079717
P32472,1.60143405525085
Q5JTN6,NA
Q54QV3,NA
P47197,NA
A8JUV0,NA
Q9HBG4,1.60143405525085
P54812,3.63727246708615
P54069,NA
Q8R1N4,NA
Q9V3S9,NA
Q32PG1,NA
Q9VN12,NA
Q6AYB3,NA
O60447,NA
P54238,NA
Q9SUR9,NA
Q9LZ17,3.21933279090699
Q95QN6,NA
Q9LM92,1.77278929082279
Q56YP2,NA
Q56YP2,NA
P48166,NA
Q6ZXV5,NA
Q96AX1,NA
P68173,-1.26718219590776
Q923J6,NA
Q6NMM8,NA
Q8H8N3,NA
Q4FZQ6,NA
Q9FGQ6,NA
Q56FH2,0.436569251841907
Q552J0,6.16818331141078
Q15782,NA
Q9XID0,4.22517921106366
Q5PPI9,4.44841738082535
P42644,0.946877367197495
O81983,-3.4375128484544
C9WPN6,5.35949007006033
Q6DJI5,3.96096137333589
Q5SRE7,2.62868230417999
P62282,NA
Q6K550,NA
Q9LT02,4.22517921106366
A2A6Q5,NA
P34788,5.4378111223052
Q9ZWG1,NA
Q9ZWG1,NA
Q80UY1,3.21933279090699
Q6IP09,NA
Q6IP09,NA
Q6IP09,NA
Q6IP09,NA
Q54XM6,NA
Q9P289,NA
F4ILR7,-4.01814098001474
A4III8,NA
Q8GYX8,NA
P53702,2.15832589163291
Q9D075,NA
P35447,NA
P35447,NA
P35447,NA
P35447,NA
Q8CFW7,NA
P49018,NA
O82462,5.64393890175377
A8XGH1,3.63727246708615
A9UNU6,4.96452202123177
Q9SZX9,-0.354425349706535
O02740,NA
P85200,21.0771194126387
Q8W4I9,NA
O33465,NA
Q9LZ17,3.84983056307337
O77302,4.22517921106366
Q9VXB0,NA
Q5U3S1,NA
A8I4E9,NA
O48557,NA
P33948,NA
O49289,NA
Q0II91,NA
Q9UP95,NA
Q8I589,NA
Q8I589,NA
Q8R519,-0.354425349706535
P49717,NA
P87144,NA
Q502K2,NA
Q8R1N4,NA
Q6AYD3,NA
Q7ZX15,NA
Q9LRN8,NA
A6GZB7,-2.09230911990922
Q5RFT1,NA
Q38997,NA
Q8BVG5,NA
Q9LV27,NA
Q8R420,NA
Q8R420,NA
Q9FJH6,-3.17701275870545
Q7TSP2,NA
P0AB70,NA
Q8BXG3,NA
Q9VBP3,NA
Q8N9T8,NA
Q9XWH0,-3.02667030724023
O74918,NA
Q86SX6,1.60143405525085
O94553,NA
Q66L33,3.96096137333589
Q4U2R1,3.96096137333589
Q4U2R1,3.96096137333589
Q4U2R1,3.96096137333589
Q4U2R1,3.96096137333589
Q4U2R1,3.96096137333589
Q4U2R1,3.96096137333589
Q4U2R1,3.96096137333589
Q4U2R1,3.96096137333589
Q962U1,NA
Q9R9J1,NA
P33188,-1.77117803320944
Q9P2H3,NA
Q8CTA4,NA
Q962Q7,3.63727246708615
P35182,NA
Q8YTC2,NA
Q8YTC2,NA
Q9Y5L0,NA
Q9SLI8,NA
A7MBP4,NA
P9WGB7,NA
Q1DK38,NA
B9DKR5,2.62868230417999
Q10N20,NA
Q8WYR4,NA
Q8WYR4,NA
P46793,NA
Q9AV81,4.64170245169703
Q02212,NA
Q54VQ7,NA
Q9C9K3,NA
Q5JKF2,NA
P45858,NA
P05124,NA
Q2RBJ6,NA
P70269,NA
P70269,NA
P41516,NA
Q0P4V4,NA
Q9CMN5,-1.81465524404336
P40282,4.00227334569629
Q05763,3.63727246708615
P14318,NA
Q9FL12,NA
O96081,NA
O96081,NA
Q4G338,NA
D0EYG3,0.980358298905592
Q1RMR2,NA
Q9NQM4,NA
Q8VYP5,NA
Q3SYG4,NA
Q10233,1.60143405525085
Q9P370,2.44153334280928
Q7L014,NA
Q5R478,-0.354425349706535
Q4R713,NA
A1CH78,NA
O80507,NA
Q55E68,4.96452202123177
Q9H0C1,NA
Q8RXF1,1.66666688517992
Q8RXF1,1.66666688517992
Q6PS57,NA
O44001,-0.852515657099656
P79051,NA
Q08357,NA
O00835,4.48885128505838
Q0DJA0,3.63727246708615
Q9P2L0,NA
Q54MB4,NA
O70133,NA
Q0P483,3.63727246708615
Q0P483,3.63727246708615
Q7PWB1,NA
O15865,NA
O15865,NA
Q8I5R7,-1.174022454895
Q0WQF4,NA
P0CS08,-2.70424570226391
Q6P8D9,5.73153356746854
P35123,NA
Q7ZVZ7,NA
Q8K0C8,-0.354425349706535
P37235,NA
Q6BZF8,NA
Q6GN29,NA
P02402,4.81212134203718
Q99758,NA
Q99758,NA
Q92462,-0.354425349706535
Q9SF16,2.67100289238139
Q8GWE6,5.4509733368375
Q75K27,NA
A8X6H1,0.639664233121726
Q99571,NA
Q8R0Y8,NA
Q38951,NA
Q8NFJ9,NA
P58854,-3.93284514396262
Q962U1,NA
Q55EJ3,4.44841738082535
Q552W5,2.67476381012972
Q8GXJ1,NA
O44001,3.21933279090699
O44001,3.21933279090699
Q9SRH6,NA
P48160,3.63727246708615
W0LYS5,NA
Q552W5,NA
P41189,NA
Q6G2X2,NA
Q86BS6,NA
A8ILK1,NA
Q8R123,NA
P62783,NA
Q75M35,-2.80091959379564
Q8GWE6,NA
Q75K27,NA
A8X6H1,NA
Q9LYZ7,NA
Q9SFB8,3.96096137333589
Q9SFB8,3.96096137333589
A8JF70,NA
Q95L97,3.63727246708615
B9W9T4,NA
E7F3F0,NA
Q8GW72,NA
O09053,NA
Q9SEX2,NA
P97849,NA
Q15428,4.44841738082535
C0LGV0,NA
P90543,NA
Q42342,NA
Q9SCN0,NA
Q9SIV5,NA
P80387,NA
O00566,-3.62159148434688
Q0WQQ1,NA
Q54258,NA
Q5XGI5,0.0305347168721507
Q8TCT9,-2.19126801252296
A6R7B8,NA
Q8LQ36,NA
P27694,NA
P06760,NA
Q9LKB9,NA
Q23716,-4.73080112012845
Q8L611,NA
Q60443,NA
Q07864,NA
E3WDQ9,NA
E3WDQ9,NA
E3WDQ9,NA
Q59LU0,-0.468864342507529
Q94KD3,NA
Q5M807,NA
Q39025,NA
Q99759,3.21933279090699
Q8UVC1,NA
Q8N653,3.96096137333589
Q8N653,3.96096137333589
Q8N653,3.96096137333589
Q05763,3.21933279090699
Q3UJK4,NA
Q6F6B5,NA
Q55585,NA
A7WM73,NA
O42943,NA
O42943,NA
Q9PL79,NA
P79051,NA
Q64M78,3.63727246708615
P70269,NA
Q5W915,NA
Q9ERU9,NA
Q9ERU9,NA
Q9ERU9,NA
Q9ERU9,NA
Q9C9K3,NA
Q6P656,NA
Q02212,3.84983349105401
P67874,NA
P49935,NA
A8I1Q0,NA
A8I1Q0,NA
Q7ZWD4,-0.354425349706535
Q7TNJ7,NA
Q10N20,NA
Q80Z71,NA
Q80Z71,NA
Q80Z71,NA
Q5VQL1,NA
P18294,NA
P18294,NA
P18294,NA
Q9SJ44,6.10398188140339
Q3ZZM3,0.639664233121726
O59737,4.64170245169703
Q99666,NA
Q99666,NA
Q84WL9,NA
Q5QMN3,NA
Q8L7U5,NA
P27996,NA
Q9NXW2,2.62868230417999
Q54B82,3.96096137333589
P52285,NA
P15479,NA
P62255,NA
Q8L4B0,NA
Q9WUA6,NA
Q5CKJ0,NA
Q5B020,NA
Q7YSW8,NA
Q4WJA1,NA
Q08114,4.22517921106366
Q32LQ6,NA
O04716,NA
O60032,NA
Q39575,NA
Q11183,NA
O15865,NA
Q9C512,3.96096137333589
Q9C512,3.96096137333589
H2KYQ5,2.62868230417999
Q3EBM5,NA
Q05022,3.63727246708615
Q5U3F2,NA
Q869Z0,4.64170245169703
Q6NKP9,NA
Q504N0,NA
P28634,NA
Q94748,5.18339092181722
Q9FJX2,NA
P56839,3.21933279090699
Q8VZD5,3.21933279090699
Q6P8I6,4.44841738082535
Q2HJ56,0.639664233121726
B8BMI1,2.62868230417999
Q9D8W5,3.96096137333589
B3DHU2,NA
Q08114,3.21933279090699
Q8DBN9,1.60143405525085
Q84Y18,1.55147690390754
O01666,1.60143405525085
Q969I6,NA
O14815,NA
Q4G0U5,NA
Q9HB90,NA
P31851,-0.354425349706535
Q9UTP9,5.1023516144853
Q9S9Z8,-4.40674235949353
Q6RY07,NA
P52712,NA
P42601,NA
Q9UT44,3.21933279090699
P47083,-3.98817251904194
Q8BHN3,4.44841738082535
O06179,-0.179930184622322
O61394,3.21933279090699
O08759,NA
P28072,NA
Q7ZW25,NA
Q5R6E0,NA
P62343,NA
Q9Y899,NA
O81149,-2.15832451201606
Q4WJA1,3.21933279090699
Q6NY74,NA
Q8RWS8,NA
Q7K4W1,NA
P25840,NA
Q7TQE7,NA
Q8IZU2,NA
P62255,NA
Q62724,NA
Q6NYB7,4.22517921106366
Q6DV14,NA
O75417,NA
P27996,5.55068156414829
Q93VG8,NA
Q7MNR0,2.62868230417999
P42211,NA
Q8L7U5,NA
Q5HYA8,NA
Q8W4I9,1.60143405525085
O59737,NA
Q6NYB7,NA
Q39575,NA
Q9Z734,3.96096137333589
Q5Y5T2,NA
Q9UNH5,NA
Q9NVX2,2.67476381012972
Q9NVX2,2.67476381012972
Q9NVX2,2.67476381012972
Q9NVX2,2.67476381012972
Q9NVX2,2.67476381012972
Q9NVX2,2.67476381012972
Q9NVX2,2.67476381012972
Q9NVX2,2.67476381012972
Q9DBE8,4.7239131244878
Q8IVF4,NA
Q9LT02,NA
O35130,2.62868230417999
P27323,-21.4227049127124
Q8TD57,NA
Q64395,NA
Q8N357,NA
Q8N1B4,NA
Q12271,NA
Q8I136,3.63727246708615
O04486,-0.354425349706535
Q0UWT7,6.10398188140339
O44006,0.375212873544885
Q9NV31,NA
Q9C0Z4,NA
P39986,NA
B1AR13,NA
Q1ZXQ1,NA
O74343,NA
Q5RFQ0,NA
Q9NGQ2,NA
Q36724,-0.57009886856518
Q4N4N8,NA
O42820,0.236836265771101
Q4R8Z2,5.58996470764936
O13833,NA
Q9VYA0,3.63727246708615
Q12904,-3.55348009370897
Q94490,NA
Q923G5,NA
Q9P2L0,NA
O04376,NA
O94383,NA
Q9M4B5,-1.6184846582575
Q86KU2,5.22815380782668
Q86I95,6.81510749795577
O35509,-6.44455628508717
Q96RY7,NA
Q9T075,NA
Q39565,NA
Q9CQ46,NA
Q6Q151,NA
Q0UWA6,NA
Q08972,1.60143405525085
Q08972,1.60143405525085
Q4VRV8,6.55187477109017
Q9C0G6,NA
Q8LEZ8,-0.354425349706535
Q3MHE8,NA
O15910,3.21933279090699
P11144,NA
P25323,NA
A4JBW6,NA
P48166,NA
Q5SNN4,NA
P51954,NA
P07519,NA
Q5SUC9,2.62868230417999
Q61211,NA
Q24DE2,NA
P49020,-3.12901907757266
O88989,6.16818331141078
Q2R1Z5,NA
P43842,-3.31314072028671
Q852Q2,NA
Q67W29,3.63727246708615
Q14562,-0.354425349706535
Q14562,-0.354425349706535
O82531,5.34386164997216
P46793,NA
Q54271,NA
Q9FJR0,-6.9180413466295
Q8T3X9,NA
Q39572,NA
Q5REF9,NA
Q9MBF8,NA
Q9UNI6,1.60143405525086
Q9XES1,NA
P27398,3.21933279090699
P32232,NA
Q9VL06,NA
Q6DE08,NA
Q08853,NA
Q9D8I1,NA
Q8TGM7,NA
Q2WGJ9,NA
Q3A943,NA
Q6CLS8,NA
Q01063,NA
F4IAT2,-1.63011682034144
Q8T3X9,1.60143405525085
Q39572,NA
P0CT30,1.60143405525085
Q9VR91,NA
Q00248,NA
P49951,NA
P53863,2.62868230417999
Q7SXN5,NA
Q9UQ07,NA
Q80Z71,NA
Q54NS8,1.84428401733838
A3E4D8,NA
A3E4D8,NA
P35684,NA
Q9M1K2,NA
Q9M1K2,NA
Q9M1K2,NA
O64644,NA
P38088,4.44841738082535
Q84RR0,NA
Q54E49,3.63727246708615
Q8T295,NA
O13755,4.22517921106366
P49020,NA
Q91WF7,NA
Q866F4,NA
Q5SUC9,NA
Q8N357,NA
O94606,NA
Q8VZF6,4.58860274226336
Q96F81,NA
P42795,NA
Q9NJU9,NA
Q9WUU7,NA
Q54MZ4,2.62868230417999
Q866F4,NA
P42644,-0.354425349706535
P48166,NA
Q9FF66,NA
Q09522,1.55147690390754
Q1JQA3,NA
Q9N1F5,3.21933279090699
Q9ZVI9,NA
Q9ZVI9,NA
Q55ED4,-1.73263129884977
Q75JN1,NA
B2V6V8,-0.777084858015156
Q4P0I7,-0.354425349706535
P62282,NA
Q9FXA2,3.21933279090699
Q9FXA2,3.21933279090699
Q9FXA2,3.21933279090699
Q5ZLT0,NA
P79020,NA
P47008,NA
P23098,NA
Q8GT75,NA
P36183,1.77660839267953
Q63486,NA
P32660,NA
P0CT61,5.52063399815059
Q588V7,NA
Q2XQY7,NA
Q71N41,-1.01338460895006
P34624,NA
Q9C912,3.21933279090699
P48166,3.28253531853637
Q54D08,NA
Q7KQL8,NA
Q99394,NA
Q93VG8,NA
Q9W770,NA
Q9W770,NA
Q567Z6,NA
Q5NVK5,-0.354425349706535
P25441,NA
Q39610,NA
Q9I7S6,NA
Q9ZUV3,NA
Q9SJ44,NA
Q9EQG6,NA
Q9EQG6,NA
Q9EQG6,NA
Q9EQG6,NA
Q9EQG6,NA
Q9EQG6,NA
O99252,-1.70783798645161
Q9LT02,NA
P51819,2.07438529594681
Q9VK89,5.64393890175377
Q0WU02,NA
O22338,NA
O14003,NA
Q99759,NA
Q95M18,5.73153356746854
Q9SIC9,NA
Q9SIC9,NA
Q9SIC9,NA
Q9SIC9,NA
B2RYG1,0.733085052206018
Q6NWJ4,NA
P32337,NA
P53759,3.96096137333589
O89042,NA
P41387,NA
Q9Y5B8,NA
P15170,4.22517921106366
P51824,2.95100184975959
Q54BC9,-0.354425349706535
Q84PB3,NA
Q9SCM3,5.89278632646685
Q99ME9,NA
Q9SVV9,3.96096137333589
Q9LPC7,NA
Q5ZJ24,-21.3564758294705
Q9C7F5,NA
Q8LPN7,NA
Q3MHL7,NA
Q4UB74,5.22815380782668
P29356,NA
Q5RA42,NA
Q8LPN7,NA
Q9SIC9,NA
Q9SIC9,NA
Q9SIC9,NA
Q32TF8,NA
Q9SFB8,NA
Q9SFB8,NA
Q9SFB8,NA
Q9ZQW8,5.73153356746854
Q03387,NA
Q09734,NA
O96647,NA
Q8EPV1,NA
Q23357,NA
Q9UVT8,NA
O35648,NA
Q9VD92,NA
Q98TR3,NA
Q54CS8,NA
Q54BI3,NA
P29763,NA
O35242,NA
Q41396,0.940644064320584
P49363,NA
Q5RA42,3.21933279090699
P32232,5.97128744807527
Q9Y2G3,NA
Q8BKE9,NA
P46265,NA
Q55BZ4,NA
Q61371,NA
Q9SLA2,1.55147690390754
Q6C9B1,4.96452202123177
Q6C9B1,NA
Q9C0G6,NA
Q9ATN4,NA
Q1CY77,NA
Q2SHM3,NA
Q90512,NA
Q05746,NA
P92969,NA
Q5JVL4,NA
P22232,NA
Q4N3P0,4.28526023298062
P02402,4.47676580840325
Q96VG1,NA
Q6H4N0,NA
Q99020,1.60143405525085
P25870,NA
Q9Y2K6,NA
Q9Y2K6,NA
Q8H5F8,-5.47118558384861
Q9XFG3,NA
Q9H0A0,NA
Q54QG0,NA
Q94636,NA
Q8GYX8,1.60143405525085
Q6NZ22,NA
Q9MBF8,NA
P38088,NA
A4IIN5,NA
Q54ZI6,NA
Q9LIG0,2.62868230417999
Q50KB1,NA
Q4R6X9,NA
Q9UIL1,NA
O22197,4.22517921106366
Q5ZJ24,1.60143405525085
Q5RA42,4.44841738082535
P28734,2.62868230417999
Q5R2J2,1.02864852962319
P26505,2.62868230417999
A6QLA4,1.60143405525085
Q5S7T7,NA
P90551,3.96096137333589
Q9V410,NA
Q9V410,NA
Q9V410,NA
Q93615,NA
A6U7A9,3.4860290046332
Q06827,NA
Q5JVL4,NA
Q875V0,NA
Q02912,NA
P21343,NA
Q54Z09,NA
P42803,NA
Q8GXX0,NA
Q9Y5B8,2.62868230417999
Q0PXX8,0.517097146045552
O22616,NA
Q8K2X1,NA
P0CX42,NA
Q9FX21,0.639664233121726
B4F2V2,NA
Q66HE5,NA
O44001,1.54795935940131
F4IUX6,NA
Q5NVK5,NA
P49608,-5.95893980345887
Q9LT31,NA
P43712,NA
Q9VJ79,NA
Q9VJ79,NA
Q9C912,4.22517921106366
Q03685,NA
Q55G18,NA
P21269,NA
Q9VTC4,NA
Q09442,NA
Q8BRC6,NA
Q9SJT7,-2.83027491572815
Q7ZWD4,NA
Q16566,NA
Q28139,NA
Q9Z321,4.22517921106366
Q9I4V0,2.62868230417999
P46873,NA
Q54KF1,NA
Q9XHS0,NA
Q05966,NA
A8CAG3,5.73153356746854
Q0CY48,3.63727246708615
Q5NVI9,NA
P0CM54,NA
Q24154,NA
O23254,4.81212134203718
P0C6F1,NA
Q75K28,NA
Q9V6U8,0.662501930097733
Q8ICR0,NA
Q6GMK0,NA
Q8VYF1,7.34592553068608
O96552,-0.354425349706535
Q09305,NA
Q8L636,NA
Q0WLB5,NA
Q0IWL9,4.26597718754792
Q0IWL9,4.26597718754792
Q0IWL9,4.26597718754792
Q0JGS5,NA
O77302,NA
Q09JZ4,-0.354425349706535
Q11207,-5.21867063175938
Q6C2X0,NA
Q5R407,3.21933279090699
Q55C58,NA
Q93VV0,NA
Q6K3R5,-2.37575507471521
Q9XGL4,NA
Q3V384,NA
O75001,NA
Q9SMR2,NA
P38935,NA
Q9FM86,NA
O94383,1.60143405525085
Q23917,NA
P15847,NA
Q8T6B7,5.22815380782668
Q54X73,NA
Q27171,NA
Q2K414,NA
P40984,1.60143405525085
P32911,NA
Q99MH9,NA
Q63170,NA
Q10NQ9,3.48605327111107
Q5R8Q7,3.63727246708615
A2APC3,NA
Q9YFM7,NA
Q06827,NA
P31335,1.8935828341247
Q6PGB8,NA
Q9ZRV4,NA
P0CT84,5.89222041973
O43818,NA
Q9NJU9,NA
Q04447,NA
O21042,NA
Q5B0V6,NA
P55956,-3.98817251904194
P21616,1.60143405525085
Q6DD70,NA
Q9LZK5,NA
P53634,2.62868230417999
Q8ICR0,NA
Q91V76,NA
Q1MTE5,NA
Q8H715,1.60143405525085
Q6DD70,-0.354425349706535
B8EML2,NA
Q6P298,NA
Q80SU7,NA
Q2KJG8,5.65876945208701
Q9H172,NA
Q39604,NA
O59801,NA
P35267,NA
P36428,-0.354425349706535
Q56P27,3.16502294028228
P0AFT1,NA
B9F676,NA
Q9H7B4,NA
O43172,0.34872940006831
O65084,5.34386164997216
Q6PS57,4.67897512099023
Q10NQ9,NA
P07857,NA
P35684,NA
F8WLE0,NA
P40984,NA
P29030,NA
Q9CZB9,NA
A0DSB3,NA
Q05746,NA
Q7K4W1,NA
Q5XHF9,NA
Q9SIC9,NA
Q9SIC9,NA
Q9SIC9,NA
Q9SIC9,NA
Q9SIC9,NA
Q9SIC9,NA
Q9SIC9,NA
Q9SIC9,NA
Q9SIC9,NA
O60145,NA
P10964,NA
Q9TXQ1,NA
A0A1L8HCK2,NA
P04363,NA
Q95JX4,4.81212134203718
Q5E9G1,NA
Q2KIJ2,NA
P72926,NA
Q869L3,NA
Q869L3,NA
Q869L3,NA
Q869L3,NA
Q869L3,NA
Q869L3,NA
Q84XU2,3.21933279090699
Q5RA75,NA
Q8BYR1,NA
Q6N075,5.1023516144853
P36595,-26.9288896632018
Q9SMH5,NA
Q58455,NA
Q8VYK7,NA
P00175,0.251496779982608
Q29AU5,NA
Q9P2D7,NA
Q0D5B9,NA
Q9Y0V6,NA
P62282,NA
Q91V37,NA
Q91V37,NA
F1QB54,5.4509733368375
Q6NPT7,NA
A1SX04,-4.63065513810112
O13861,NA
Q07G10,1.60143405525085
P54750,NA
Q9SJT7,NA
Q9M1H3,NA
Q9M1H3,NA
Q0EEE2,NA
Q9URX7,NA
Q9Z286,NA
Q8X034,5.4509733368375
Q09722,3.21933279090699
Q9SK22,NA
Q09841,0.733085052206018
O61613,NA
Q9LJD8,NA
P68182,NA
P97997,0.595592633387246
O64642,NA
Q09305,NA
Q6CAW6,NA
Q94AA9,NA
Q6U7I1,NA
O24308,-3.39621362107598
O80513,NA
B9K895,1.60143405525085
P26182,2.62868230417999
Q9XGL4,NA
P42795,NA
Q12874,NA
Q559A0,NA
Q84RR0,NA
Q6YZF3,1.60143405525085
Q05681,NA
Q0JB88,NA
O13755,5.89222041973
Q9M9W9,NA
P20035,1.60143405525086
Q21K60,3.21933279090699
A8HUA1,NA
Q54GI9,4.47676580840325
P35684,5.22815380782668
Q9LDK9,NA
Q91WM3,NA
P0DJ54,NA
Q8N5P1,2.75124899657509
Q852N6,NA
P50395,2.36509830212144
P38935,NA
A2Q9T6,1.60143405525085
P31244,NA
Q9DG68,4.66664531360811
Q9LR65,NA
Q9PTU3,NA
Q63342,NA
Q2R1M8,NA
Q7ZVC2,-3.12901907757266
A4WCQ3,NA
Q6ZRS2,NA
Q98TF5,6.59921900982928
O76083,NA
O00400,NA
P48166,NA
Q23AS2,NA
A5PMR2,NA
Q8RWS8,3.21933279090699
Q8RWS8,3.21933279090699
Q8RWS8,3.21933279090699
Q8RWS8,3.21933279090699
Q54NX0,1.60143405525086
F4JTP5,3.21933279090699
Q9HCB6,NA
Q9HCB6,NA
Q9HCB6,NA
Q94A97,NA
A6WXR6,1.60143405525085
Q55AH5,4.44841738082535
O75175,NA
Q8ICR0,NA
Q0VCA8,NA
P51566,NA
Q6YZX6,NA
Q8T0S6,NA
Q96RW7,NA
Q96RW7,NA
Q96RW7,NA
Q96RW7,NA
Q96RW7,NA
Q96RW7,NA
P49633,5.06075547679725
Q5BKR2,NA
O60840,NA
O60840,NA
Q60441,NA
A8WGF4,NA
Q6NVR9,2.62868230417999
Q7XJN0,NA
Q9XGL4,-0.140208985323125
Q8WYA6,NA
Q6EQX3,NA
P0C605,NA
Q924N4,NA
O77302,3.63727246708615
Q5R9L5,NA
Q9CWV0,NA
O14717,NA
Q9XGL4,NA
Q54GT6,-0.93182827060159
Q8BGC0,NA
Q8TGM7,-0.606998226834089
Q9SZA4,NA
P35684,1.97632164705809
P50395,NA
Q39584,NA
P35684,3.21933279090699
P29356,NA
Q4V7T8,NA
Q6C2Y6,NA
Q96S06,NA
Q0V9S9,NA
Q3E793,NA
Q485F2,NA
Q23917,NA
Q8BIZ6,3.21933279090699
Q06953,NA
P50108,NA
P27484,-2.66873899628511
Q4V832,NA
O44001,2.55001079715062
Q8MPF7,3.25006496478196
Q6DHL4,NA
Q8T3U2,4.64170245169703
Q0JJS8,2.62868230417999
P55354,NA
P48765,NA
Q9P2J5,NA
P54703,NA
P0CG55,0.881567693303823
P0CG55,0.881567693303823
P0CG55,0.881567693303823
P0CG55,0.881567693303823
P0CG55,0.881567693303823
P0CG55,0.881567693303823
P0CG55,0.881567693303823
P0CG55,0.881567693303823
P31320,NA
P31320,NA
P37586,1.60143405525085
O23617,NA
Q86A72,4.22517921106366
B7J0N5,NA
Q9LFE0,3.67392802642141
Q9FJL0,NA
Q6QNM1,NA
Q8K3M5,NA
Q7T0P4,NA
Q7T0P4,NA
Q9HCB6,NA
Q9HCB6,NA
Q9HCB6,NA
Q9HCB6,NA
Q9HCB6,NA
Q8LPN7,NA
Q5BD15,NA
Q8IZU2,NA
Q9SYP1,NA
Q05493,NA
Q9FL69,NA
Q8CFQ3,NA
O48653,NA
Q99MN1,-1.01338460895006
P45361,NA
Q3SZ71,0.644903676489355
Q03685,NA
Q9T029,5.55068156414829
Q7SYC9,NA
P97874,NA
Q47D81,NA
O24325,NA
Q663W4,4.64170245169703
Q7Z7M9,NA
Q9VN12,NA
P58312,NA
Q12WH8,NA
Q5QN75,NA
Q93VG8,NA
P33947,NA
P21137,NA
O96269,3.96096137333589
Q8C4J7,NA
Q8C4J7,NA
Q6ZQ08,NA
Q99JH1,NA
Q9P6P3,NA
Q22000,NA
Q9SMH3,NA
Q9LIC2,NA
P28583,NA
Q9JJ59,1.60143405525085
Q9LZH9,3.84985648413219
P31320,3.63727246708615
P44121,-1.01338460895006
Q9VBX1,NA
Q9SIC9,NA
Q9SIC9,NA
Q9SIC9,NA
Q9SIC9,NA
Q9SIC9,NA
P73789,2.62868230417999
O70157,NA
Q13099,NA
O84345,NA
Q2S938,-0.22020219155233
P32023,NA
Q869P0,NA
Q6INF3,-2.43967841449782
P42525,NA
D0NLC2,4.44841738082535
A5YKK6,NA
Q6AXQ7,NA
O13982,NA
O13982,NA
O55057,3.21933279090699
Q6P3R8,NA
F4JIP9,-0.354425349706535
Q9LYU8,NA
Q9GZH4,NA
O14036,NA
A8IEF3,NA
P51794,NA
Q8CDR2,NA
Q9LT02,NA
A4RBS3,NA
P0C6F1,NA
Q32PF2,NA
O14036,-0.354425349706535
O44411,NA
O50017,2.62868230417999
Q9LYU8,NA
Q8K596,NA
Q9QZ67,NA
O55057,NA
Q54WR9,NA
Q43362,-3.19822782318084
Q00973,4.44841738082535
Q83A83,NA
Q54XF2,1.60143405525085
O64518,NA
Q86A88,NA
P0A3B4,NA
Q54P92,NA
Q46NS0,NA
Q32L93,-4.41817350949045
Q8C5T8,-0.354425349706535
Q54T05,NA
Q29079,3.63727246708615
Q61239,1.4313405115464
E1BLT8,1.60143405525085
P42746,NA
P52873,NA
Q9JLG8,NA
O96827,NA
Q66HD0,2.5952110078439
Q5ZK92,1.60143405525085
O77404,NA
Q54DS8,NA
Q54DS8,NA
O09053,NA
P38935,NA
Q99JH1,-6.00693010944998
G5EFM9,NA
P0DJ52,4.36432014960173
Q98SH2,NA
Q95ZQ4,NA
Q8IWG1,NA
Q4E123,4.22517921106366
P22125,NA
P33947,-0.354425349706535
P48504,7.42688254491668
Q7ZTK7,-1.87591578512813
P46283,NA
Q9SUS3,NA
Q9SPE6,NA
Q39584,NA
O76083,NA
F4ISQ7,2.62868230417999
Q9ATY5,NA
Q03685,3.42432588118346
O45293,2.62868230417999
Q9FJ95,NA
P29356,NA
Q5RHH4,NA
P74598,NA
O88561,NA
B8JAX1,NA
Q22000,NA
Q9M081,NA
A0JM56,NA
P27117,5.81411332610507
Q8BKE9,NA
P38994,3.63727246708615
A0CXT3,NA
Q62865,4.22517921106366
Q55AX0,NA
O65001,NA
O13997,NA
A4IHR1,NA
Q2HJ97,2.62868230417999
Q9VL72,NA
Q7ZTK7,NA
A4IG32,NA
Q68F18,NA
B7K079,NA
Q6PBF0,NA
P41203,NA
Q04217,NA
Q13946,NA
Q92PX0,1.85838169656454
Q54PF3,NA
Q8W4I9,NA
P21440,2.62868230417999
P21440,2.62868230417999
Q7SXW4,4.22517921106366
Q59W62,NA
Q32LS6,4.81212134203718
Q6QNM1,NA
Q54JH4,NA
P52285,NA
P46873,NA
Q91821,NA
P53008,-0.354425349706535
Q28653,NA
Q9ATY5,NA
P35700,NA
Q9XGL4,4.64170245169703
P51817,NA
Q9I2A8,1.60143405525085
Q969V5,NA
O81635,NA
Q32PE2,NA
Q9LYU8,NA
D3YXG0,NA
D3YXG0,NA
D3YXG0,NA
D3YXG0,NA
D3YXG0,NA
Q99LB7,NA
Q99LB7,NA
Q6DHJ1,NA
Q5FWU8,-0.354425349706535
A7SCH8,NA
O14157,NA
Q7MKY6,NA
O36033,NA
Q8K596,NA
Q3TFK5,NA
Q0ILQ6,-2.82156273205794
A0A1B0GWK0,NA
A9RWC9,2.62868230417999
Q89BP9,NA
Q84RR0,NA
Q45VK7,NA
P11387,NA
O81742,NA
O23894,NA
Q9LFP3,NA
Q45FA5,NA
Q5ATG5,5.12071987196794
Q642H9,4.00229858273077
Q39238,NA
B9EUM5,NA
P00030,NA
Q93HU4,NA
Q803I2,NA
Q8W103,NA
Q5AYN6,NA
Q6DRI4,5.34386164997216
O48713,-4.99525778550269
Q9QYM0,NA
Q54YD4,NA
O43520,NA
Q9LJQ9,2.62868230417999
P24722,NA
Q28653,NA
Q9VKY2,NA
Q7K734,NA
Q8CBY8,NA
Q920R6,NA
Q9BUJ2,5.34386164997216
Q5ATG5,NA
O23894,1.60143405525085
O55057,NA
O02607,2.62868230417999
Q56YN8,NA
Q6VTH5,-4.28024644934602
Q6VTH5,-4.28024644934602
P11387,NA
F4KIL8,NA
Q08752,3.63727246708615
Q8VD72,NA
Q9LTS6,NA
P51956,NA
A8HUA1,NA
P51272,3.21933279090699
Q54P04,-0.354425349706535
Q96NN9,1.60143405525085
P35684,-6.71293296854517
Q9WVF7,NA
P11144,1.66131111552969
A0JPA0,NA
Q8TGM7,-1.1118798386272
Q54N38,-2.0419012746121
P50441,6.55879996908208
O14036,NA
Q9M1K2,NA
P33188,4.09473058644989
Q9DAK2,NA
Q9Z1M4,2.62868230417999
Q9LJ87,2.62868230417999
Q15751,NA
Q15751,NA
Q15751,NA
Q15751,NA
Q15751,NA
Q15751,NA
Q66KH2,NA
Q155U0,NA
F4IRU3,NA
Q9LIS2,4.44841738082535
P25847,NA
Q62968,NA
Q9V3D5,NA
P51566,NA
Q9FL12,NA
Q09173,NA
Q8LPJ4,NA
P46592,NA
Q0WMV8,1.03726628315278
P0DJ52,3.68550527543438
Q33AH8,NA
A4QVI3,6.64505857855092
A0A0A2JW91,NA
Q29S00,NA
Q9SL67,NA
Q9C0G6,NA
Q53RK8,3.96096137333589
Q95M17,NA
Q6P6R2,-1.63744224037063
O13971,NA
F4IRU3,NA
B3EH06,NA
P42791,3.28253531853637
Q5VZ52,4.22517921106366
Q54I89,2.62868230417999
Q84M24,NA
Q84M24,NA
Q9CPW7,2.44153334280928
B7K079,NA
A8J1V4,NA
P09648,2.62868230417999
P73789,-1.01338460895006
Q7ZTK7,NA
Q9M5L0,NA
Q50KB1,1.60143405525085
O32210,NA
P18074,NA
P32604,3.21933279090699
Q8IVF4,NA
Q9Y6W3,NA
F4I0P8,NA
P51414,4.96452202123177
Q8IV36,NA
Q99848,5.64393890175377
Q2RMD6,NA
Q06389,NA
Q39EH1,NA
Q960Z0,NA
Q9GMY4,3.63727246708615
Q960T2,NA
Q553R3,NA
Q8W036,NA
Q8W036,NA
Q5XK85,NA
Q5XK85,NA
Q5ATG5,3.63727246708615
O74978,NA
Q9S9T7,NA
Q04013,NA
Q5ZJ85,2.57548772653643
Q68W49,NA
Q9QXE2,-3.81649353144006
P35687,NA
Q96JB1,NA
Q9DAJ5,1.60143405525085
Q7QCK2,0.0569648693031802
Q54VM3,NA
A8HYU5,4.96452202123177
Q91784,NA
P40138,NA
P46595,NA
P40332,NA
Q8L829,5.34386164997216
Q9VQX4,5.4509733368375
A4JG19,NA
P37518,NA
O61613,4.81212134203718
Q7Z3E1,NA
Q54YD4,-0.354425349706535
Q8ICR0,NA
P85515,3.21933279090699
Q8BIQ5,2.99847708023672
P39845,NA
B7F845,NA
A9UMS3,3.96096137333589
Q9LF98,-1.01338460895006
P28769,NA
Q820S0,4.81212134203718
Q550C1,NA
Q9SLA2,1.60143405525085
P39986,-0.354425349706535
Q86A77,-0.187732447598568
O94387,NA
A0A0R4I9Y1,NA
Q54JP5,-5.73507657279413
Q9HZP6,NA
Q9JLI7,NA
O65036,NA
Q9Z1L5,NA
Q8R4V0,NA
Q7Z429,NA
Q9JI13,3.21933279090699
Q6NRV8,NA
Q02647,NA
Q02099,NA
Q8N5P1,3.26041370637841
Q8VXY7,1.60143405525085
E9PYY5,NA
P54453,NA
Q38997,NA
Q0P5C0,NA
Q5F478,NA
Q6NWJ4,-1.9993311904437
Q0WTB4,NA
Q8BW94,NA
Q7ZV96,-1.47114747500155
P92939,NA
O34389,NA
O20672,4.85799738283532
Q84H41,NA
A1C5V3,2.62868230417999
Q9FWA4,NA
Q9SIC9,2.62868230417999
Q9SIC9,2.62868230417999
Q9SIC9,2.62868230417999
Q9SIC9,2.62868230417999
Q9SIC9,2.62868230417999
Q9SIC9,2.62868230417999
Q9SIC9,2.62868230417999
Q9SIC9,2.62868230417999
Q39584,NA
Q54NJ4,4.81212134203718
Q5ZL00,NA
O22145,NA
P0DJ52,NA
Q9JLI7,NA
Q755Y0,NA
Q3URY6,3.96096137333589
Q5R631,3.63727246708615
O55055,4.22517921106366
P07087,-0.391496259526301
O74777,2.62868230417999
P35687,NA
Q8BW94,NA
Q820S0,NA
Q8WXX0,NA
Q86WI3,NA
A9UMS3,1.60143405525085
Q9NR20,NA
Q9NR20,NA
Q90XC2,NA
Q23716,7.32756608135722
Q7ZW46,3.63727246708615
Q94A97,NA
P40392,5.89222041973
Q8VY00,NA
O61613,1.55147690390754
P49420,2.2569929249911
Q5XIV2,NA
Q84PB3,NA
Q55GU9,NA
Q8NA54,NA
Q2HJ74,NA
Q39584,NA
P46595,NA
P0C6F1,NA
Q9VP76,NA
Q9VP76,NA
Q9P2D7,NA
A3SR25,NA
Q61074,2.62868230417999
B9A1H3,NA
Q95K50,0.541272102768822
Q9LZF6,2.62868230417999
O44001,3.21933279090699
E1BB03,2.99849181398864
Q9XHR2,2.62868230417999
P52717,6.29369204429433
O81983,3.63727246708615
Q9DAN9,-0.354425349706535
Q7TSU1,NA
Q5RE03,NA
O60306,NA
O60306,NA
Q80UW5,NA
Q06827,NA
Q9C820,NA
Q8NB25,NA
Q54WR9,NA
Q5QNI2,NA
P43524,NA
B7F845,4.81212134203718
O15066,NA
Q5SGD2,NA
Q8C0D5,NA
Q17868,NA
A0A1L8HCK2,NA
Q5BL50,NA
P35446,NA
P35446,NA
P35446,NA
P35446,NA
Q6IR75,NA
P31674,5.89222041973
O15905,NA
P59708,1.87799053975497
Q9SVV9,NA
P56859,NA
P0CS66,NA
A2BD05,NA
Q9EZ02,NA
Q7XSQ5,NA
P31251,NA
Q84XU2,NA
Q968X7,NA
Q8IVU3,NA
Q8IVU3,NA
Q8IVU3,NA
Q9R279,NA
Q8RWB8,NA
Q9FZJ1,NA
Q10AZ7,NA
Q10AZ7,NA
Q10AZ7,NA
Q10AZ7,NA
Q9ZV43,NA
Q9SMH3,NA
P59271,3.21933279090699
Q5ATG5,NA
Q1LZA0,NA
Q9DD03,NA
A5UPS3,6.66209236540723
Q54FI3,NA
Q8TGM7,-9.50394841185567
Q8VZM1,NA
Q6P861,NA
Q0VCX2,1.60143405525085
P05303,0.975212749546507
F2Z461,NA
F2Z461,NA
F2Z461,NA
Q8C1B2,NA
Q8GYX8,NA
Q6P886,NA
P9WQE6,NA
Q23G98,3.26275915548465
P0C8M8,NA
Q9LZK5,NA
B7F845,-1.77117803320944
P40228,3.63727246708615
O60308,NA
O74351,1.66666688517992
Q5EB68,2.62868230417999
Q5EB68,2.62868230417999
O94268,5.26768213032611
P54870,NA
Q9Y295,2.67481547782654
Q54CD8,NA
Q0DA50,-4.52303852441403
O13651,NA
P61129,NA
Q06060,NA
Q9VVI9,NA
Q8TD30,3.30645926326704
Q9ZQX7,NA
Q9LNC5,3.21933279090699
Q22000,NA
P22125,NA
F4K2E9,NA
Q8WXX0,NA
Q8TD30,1.81268611584635
Q9ZQX7,NA
P30707,NA
Q8WWI5,NA
P56286,-0.354425349706535
Q924N4,4.44841738082535
Q32P44,NA
Q6ICH7,3.21933279090699
P40984,NA
Q66IS6,NA
P13249,NA
O54827,NA
Q5EB68,-0.354425349706535
Q9SEI3,-1.01338460895006
O60103,NA
Q1ZXF1,NA
Q95RC0,1.60143405525085
Q93W28,1.60143405525085
C0H4K2,NA
Q55E45,5.2450407662529
Q55E45,5.2450407662529
P49692,2.62868230417999
Q9SL02,NA
Q54XX1,NA
Q15386,NA
P25867,2.71989844530617
Q95M18,-6.43032565301103
Q7YS61,4.81212134203718
B9DKR5,NA
Q9DEX3,NA
Q9XWU8,-3.12901907757266
Q55AX0,NA
P35687,NA
Q8VZM1,NA
Q8VZM1,NA
Q19967,NA
Q10209,-0.354425349706535
Q8CFQ3,NA
Q15008,3.96096137333589
Q8IWG1,NA
Q3V3N7,NA
P41234,NA
P41234,NA
Q9M1H3,NA
Q24956,NA
Q9D6T1,NA
Q9ZVT7,NA
Q7XR06,-1.11073555629017
O70157,NA
P39846,NA
P39846,NA
P39846,NA
Q40532,NA
Q9LF98,-1.01338460895006
P27085,NA
P0AB70,NA
P29356,4.22517921106366
P46782,2.44660431767005
O82528,NA
Q84XU2,1.60143405525085
Q95XX1,NA
Q641I1,NA
Q39584,NA
Q3A2U5,NA
P50182,NA
Q9SH30,NA
O64642,NA
Q8WXX0,NA
Q3UGF1,NA
O24308,NA
P35084,NA
Q6UX73,1.94939540377972
Q9MBF8,NA
Q86Y56,-0.354425349706535
A7RWP6,4.22517921106366
O88941,NA
Q9C5J3,3.21933279090699
O24047,NA
O94248,NA
Q94AU2,NA
O99252,1.13949721383228
O99252,1.13949721383228
O00782,3.26275915548465
Q6FLF3,NA
Q9NYG2,NA
Q969Q0,-0.809510000468537
Q39584,NA
Q06056,4.93021055030037
O94256,NA
Q97VX5,1.60143405525085
Q9C9F5,-0.354425349706535
O43049,NA
O77302,4.81212134203718
Q986D9,NA
P46272,NA
Q23716,4.78688163416446
Q54DD3,4.44841738082535
P92948,NA
P54868,-2.32995648741755
Q4G073,NA
Q8VZD5,3.2639486207234
Q4N594,NA
Q9T034,NA
Q33AH8,NA
Q9BZJ0,NA
Q58DA8,NA
Q8MPF7,5.64393890175377
A2YXC7,1.60143405525085
G5EFJ9,NA
Q20263,1.60143405525085
Q54RJ1,NA
Q5F478,NA
Q5F478,NA
Q5F478,NA
Q5UQ62,NA
Q54I10,NA
P48506,NA
O42820,NA
Q8VWI1,1.60143405525085
Q8QGH2,NA
Q5RC80,NA
Q2QAV0,NA
P22232,3.21933279090699
Q9NP78,NA
Q9DCM4,NA
Q5UNW1,NA
Q869L3,NA
Q9LZX8,NA
Q5ZJ17,NA
Q9SYP1,NA
Q9SYP1,NA
Q39211,NA
Q8IZU2,NA
Q9VHI4,-4.71256273229174
P52652,NA
P02402,4.81212134203718
P24724,-7.07860924767334
Q6P6G5,NA
Q39610,NA
Q5RC74,NA
Q54M20,2.62868230417999
Q54BW6,5.22815380782668
A8JF70,NA
P20794,NA
P27996,NA
Q64380,NA
Q96RW7,NA
Q96RW7,NA
Q96RW7,NA
Q96RW7,NA
O59922,NA
Q06450,1.60143405525085
Q9P7I2,NA
Q6DKG0,2.62868230417999
O35643,5.1023516144853
Q9C7F5,NA
Q3MHL7,2.62868230417999
Q5XF06,NA
Q642H9,-0.354425349706535
O74862,-0.354425349706535
Q5R478,3.63727246708615
Q01780,NA
A0A0H3JRU9,NA
Q4PC17,NA
Q54Q05,5.73153356746854
P35267,3.21933279090699
B2RW38,NA
Q09325,NA
Q3MHL7,NA
O74965,NA
Q9LDZ5,NA
Q8K2G4,NA
Q9LT77,NA
Q6QNM1,NA
Q7ZXY0,-0.574311339302466
Q9C7F5,NA
Q96PN6,NA
O81742,NA
O80996,5.73153356746854
P25251,6.11335645351025
Q93VQ0,NA
Q502K2,NA
Q8W4R3,NA
Q5RC74,2.62868230417999
Q92834,NA
Q86TL2,NA
Q2TGJ4,2.99849181398864
Q5RAL1,NA
Q08972,NA
Q08972,NA
O14744,NA
Q19967,1.60143405525085
P05123,NA
Q13356,4.90561443667811
Q54TA3,NA
Q9Z273,NA
Q8X097,NA
Q8VZK0,3.21933279090699
P22232,NA
O99252,-4.48491425095235
Q9P6P9,2.62868230417999
P31320,NA
Q5NVK5,NA
Q8VWI1,NA
Q03133,NA
Q03133,NA
P56876,1.17876836692598
Q03685,NA
Q03685,NA
Q20263,3.21933279090699
Q642H9,5.72759227941146
Q64M78,NA
P33188,NA
Q74GW7,NA
Q4N594,5.73153356746854
Q924N4,NA
Q9Y673,NA
F4I3B3,2.62868230417999
Q8L636,NA
Q91437,NA
Q91437,NA
O22899,NA
Q6BZQ9,NA
Q2A865,NA
P54860,5.81411332610507
O94289,NA
O95180,NA
Q15428,-1.47114747500155
P57103,2.62868230417999
Q8RWV3,3.63727246708615
Q9VXK6,-0.205648266044853
Q553V1,NA
O17732,-0.354425349706535
Q06010,NA
Q4VRV8,NA
Q9H9Y6,NA
Q6FLF3,1.60143405525086
Q9BLG3,NA
Q28XK6,1.02632183934478
Q8BSY0,NA
O81902,NA
Q8K596,3.21933279090699
F4JS25,NA
Q5FWQ0,NA
Q05609,NA
O13901,NA
Q642C0,1.60143405525085
P60621,-0.504754553954128
Q5R559,NA
Q94AA9,NA
Q9XGX8,4.44841738082535
Q6PBF0,NA
Q0VA16,NA
Q63164,NA
P43524,NA
Q947D2,NA
Q2S1W0,3.96096137333589
Q4PFV5,NA
Q54QB1,-2.19126801252296
O54781,1.60143405525085
Q5M9F1,1.60143405525085
P90648,-0.354425349706535
P90648,-0.354425349706535
P90648,-0.354425349706535
P90648,-0.354425349706535
A8HQ54,NA
Q09911,3.96096137333589
P48598,NA
Q9SUR9,NA
P49727,2.62868230417999
Q5XI50,NA
Q63170,NA
V5Y0F7,NA
P35728,NA
Q8NI36,NA
Q3SEK0,4.64170245169703
Q8W117,NA
Q8L518,NA
F1QJX5,1.60143405525085
Q9R9J1,NA
P02385,2.62868230417999
P20397,5.81411332610507
P20397,5.81411332610507
Q9Y0V6,NA
B1XLE7,NA
Q9SLA2,NA
F4IUG9,NA
Q26061,-0.593936464350333
P34280,-6.73721695267128
O34586,NA
Q5ZKM1,NA
P0CQ82,NA
Q60HG6,NA
Q8N8A6,5.22815380782668
O48721,-2.23374357807417
Q9S9Z8,-5.14797359553863
P22125,NA
P34329,NA
Q9HC98,NA
Q9P2H3,NA
Q9VNA0,-0.354425349706535
Q9BYP7,NA
O93937,3.96096137333589
O93937,3.96096137333589
P20338,NA
Q93ZT6,NA
P0C605,NA
P0C605,NA
Q96PP9,NA
Q9NYC9,NA
Q8W4R8,NA
Q42438,NA
Q9FHN8,5.1023516144853
A0DSB3,NA
Q9D180,NA
Q0JB88,NA
O86938,1.60143405525085
F4HYJ7,NA
Q88AE7,-0.354425349706535
Q9SII9,NA
Q9FH32,NA
P49397,-1.17420021605622
P0C6F1,NA
Q41140,NA
O08914,3.21933279090699
Q00310,NA
Q96RW7,NA
Q96RW7,NA
Q96RW7,NA
Q96RW7,NA
Q96RW7,NA
P20035,-1.174022454895
Q7XJ96,NA
Q6PBF0,NA
Q23F13,NA
Q96EP5,3.63727246708615
Q54PK4,NA
Q09817,NA
Q9Z5B5,NA
Q9U4N3,7.40039845064594
P60226,NA
Q0KL01,NA
Q9WUU7,NA
P29468,NA
Q0JL73,2.62868230417999
Q8IUF1,NA
F2Z461,-6.03845001948564
Q6PBF0,NA
P33238,NA
P53396,NA
Q9D8X5,4.44841738082535
Q80V42,NA
P20901,NA
Q4P6L3,1.60143405525085
P40233,NA
P49727,NA
Q49W60,NA
W5PFI3,1.60143405525085
Q9HCD6,NA
A7F045,NA
Q8W4I9,NA
Q6DFD7,1.60143405525085
Q8NI36,NA
Q4JIJ3,NA
Q9S9Z8,5.55068156414829
Q869E1,1.60143405525086
P11144,NA
Q29122,NA
P11611,NA
O42768,NA
Q946Y7,4.81212134203718
Q9XGX8,NA
Q5UNT8,NA
Q8CHB8,NA
Q84WW3,NA
Q8K245,1.60143405525085
Q13614,NA
O82514,2.72882322360796
Q43362,4.44841738082535
A4III8,NA
Q9ZV15,NA
Q0IH24,NA
Q12797,NA
Q9USQ7,NA
Q7KQL8,NA
O81902,NA
Q54PB2,4.00227551576499
Q9UFH2,NA
P44326,NA
Q8N5L8,0.639664233121726
P90850,NA
Q9FE64,NA
Q54VV7,4.81212134203718
Q9BYK8,NA
Q39565,NA
A1L1J9,NA
O75175,NA
Q80U44,NA
Q2KHY1,NA
Q99JH1,NA
Q9QZS5,NA
B0TJ29,NA
Q866F4,NA
Q98SH2,NA
O14325,3.68550527543438
O14325,3.68550527543438
Q56YP2,NA
Q9P2E3,NA
Q91WS0,NA
P49736,NA
F4IUG9,NA
Q90Z08,NA
Q91ZY6,NA
Q5I0A0,5.4509733368375
Q9M9W1,3.82683787741229
Q15393,-1.174022454895
Q9C505,NA
Q2UVJ5,NA
Q5RD27,NA
Q9P3X9,5.9663164611091
P48166,22.2576360436608
Q08426,-2.57317199010809
Q0DJA0,NA
P35604,3.96096137333589
P40590,5.17905912258777
Q6NXG1,0.00587212437718377
P25321,NA
Q9XF61,NA
Q9XF61,NA
Q6MEC9,7.02119947874934
Q2RKZ6,NA
Q6Q1P4,1.60143405525085
Q9NYC9,NA
F4HPR5,NA
Q92845,NA
Q9Y4L5,4.41871192391881
O08759,3.96096137333589
O35594,NA
Q96G03,NA
Q8CFE4,NA
Q9UBL6,NA
Q8BJL0,NA
Q6CNW2,NA
Q91V09,1.60143405525085
Q55GU0,NA
Q05746,NA
Q9XHH2,NA
Q9UHW9,NA
Q8ILC1,3.96096137333589
Q8ILC1,3.96096137333589
Q8ILC1,3.96096137333589
P35687,4.2580206324592
Q94C95,NA
P43010,NA
Q2KIA4,NA
Q9FHN8,-21.7076492919337
Q10NQ9,NA
P54672,3.21933279090699
O00233,NA
Q42883,NA
Q8TGM7,-0.906012319576291
Q0UYL3,NA
A8JF70,NA
Q04960,1.96145121772534
Q04960,1.96145121772534
Q6IQ85,3.63727246708615
Q9UTN2,NA
Q7JP68,NA
F1Q4S1,-0.354425349706535
Q9UTN2,1.60143405525085
B7F845,-0.354425349706535
O76083,NA
Q42191,0.180931142287824
P92939,NA
Q5RFT1,NA
P62783,1.73058517808476
Q10NQ9,NA
Q5RDP3,NA
Q9VUV9,2.25704600302941
P42325,3.63727246708615
Q40522,NA
Q9NRK6,NA
A1L1K7,NA
Q5NVK5,NA
Q9H7B4,-0.354425349706535
Q9M291,NA
Q54JM3,NA
Q84K11,NA
Q6PI78,NA
Q6Q1P4,NA
Q28FY0,NA
Q94570,NA
Q2QY37,NA
Q9FKT8,NA
Q29466,NA
P90519,-2.17164165710051
Q05858,NA
Q9P2E2,3.21933279090699
P40590,NA
Q54RJ1,3.28253531853637
Q54KR9,2.06581013992798
P18253,NA
Q15393,NA
Q9V410,3.15782228115395
Q9V410,3.15782228115395
Q6ZL94,NA
P19211,NA
Q9CB01,NA
Q9ZVJ4,3.21933279090699
Q9SXC8,NA
Q96LU5,-1.01338460895006
Q94KD3,4.96452202123177
Q9M9W1,NA
Q0J035,NA
Q23716,-6.09442097971314
Q9Y0V6,2.60155434323362
Q8RY89,1.2461752624423
Q8RY89,1.2461752624423
Q8RY89,1.2461752624423
Q8RY89,1.2461752624423
Q8RY89,1.2461752624423
Q54G06,NA
P0DJ54,NA
Q6P5M2,NA
Q54R82,-1.01338460895006
P0AB70,NA
P08991,1.60143405525086
Q24K21,NA
Q9Y810,NA
P0AB70,NA
Q27850,NA
O14048,NA
Q9V410,0.34872940006831
P54119,NA
Q9NX58,NA
A0LJ41,4.44841738082535
Q9CY21,2.62868230417999
P44326,NA
Q86SG6,NA
Q9T0D6,NA
Q9T0D6,NA
Q9T0D6,NA
Q9US41,NA
Q6BKC2,NA
Q869Q2,-6.78459122944031
Q5ZC88,NA
Q2KJJ0,-0.354425349706535
A0A1B4XBG9,NA
Q9LZF6,5.89222041973
Q58556,NA
O74225,4.44841738082535
Q94B08,3.21933279090699
Q9DAA6,1.66666688517992
P0C881,NA
P0C881,NA
P0C881,NA
P0C881,NA
P0C881,NA
Q5ZIM5,2.62868230417999
Q99829,NA
Q54SN4,NA
Q4G0X9,NA
Q9Y2X3,1.55147690390754
P11118,NA
Q9VBP9,3.96096137333589
Q8VI23,NA
Q0VCK5,NA
Q8IZ69,NA
Q5RKH1,NA
P48166,NA
Q16ZN9,NA
Q54Q94,3.21933279090699
P90519,7.37341916955652
Q8BZZ3,3.28253531853637
Q9NYC9,NA
A5DWE2,4.64170245169703
Q84MD8,4.81212134203718
Q9CZU3,NA
Q3KNY5,-0.354425349706535
Q54ES9,1.60143405525085
Q6ZQ58,-0.354425349706535
Q502K2,NA
Q45223,NA
P0DKM7,1.10808337799375
O00743,2.62868230417999
P0C188,NA
O74536,1.60143405525085
Q8RWH3,NA
Q9Y666,NA
Q552C1,NA
Q9V106,NA
P29356,-5.07363940909573
Q9ZT71,1.66690930614186
O75808,NA
Q9LU44,NA
Q54JE4,NA
Q45FA5,NA
P39057,NA
Q5RHH4,NA
Q8MXN7,NA
Q66H60,NA
Q3UTQ8,NA
P00565,NA
Q9JMA9,NA
Q9VL06,NA
Q8H100,NA
P22694,NA
Q8H4S6,1.60143405525085
Q9NYC9,NA
Q4L9R6,2.62868230417999
P54856,-0.354425349706535
Q96PQ7,-0.354425349706535
Q96PQ7,-0.354425349706535
Q9Y2V7,NA
O35245,NA
P00565,5.63731455253777
Q3SZI8,1.60143405525085
Q9ZWT3,3.63727246708615
Q9FPT1,NA
O55029,NA
Q86ZK8,NA
Q6GME1,NA
Q9S752,NA
O22899,NA
Q4L9R6,-6.9803016522992
Q43298,2.88480770289061
Q6NUB3,NA
Q8IWZ6,-2.19126801252296
P48166,NA
Q9QZD4,NA
Q8LPJ3,NA
Q962P8,-0.354425349706535
A2Q848,NA
A2Q848,NA
P42620,NA
P35182,4.81212134203718
Q08114,5.55068156414829
P29356,2.17829626288196
Q8TF77,NA
Q00472,NA
P90519,-2.42620943485009
Q4R7Y5,NA
P39057,NA
P48166,NA
Q06609,NA
O75110,NA
Q49SH1,NA
Q6ER94,NA
O26884,NA
P29356,NA
Q27497,NA
Q9NR30,NA
Q8CGY6,NA
Q54XK2,NA
P92177,NA
O80925,1.60143405525085
Q9DBT5,1.60143405525085
P16895,0.353765839599995
Q8VDM6,NA
Q29S22,1.80737017106366
A0BD92,NA
Q7SBC6,3.56057553133008
Q54MH0,NA
Q9Z1J2,NA
B6EGY4,-2.03450879054914
Q9SMH3,NA
Q96LZ3,1.60143405525085
F4IL57,NA
P87239,NA
Q8K339,6.34524054653093
P0CM24,2.62868230417999
Q9Y7U9,1.60143405525085
Q86H36,NA
P72780,NA
Q8BHK9,NA
P35084,NA
Q24895,NA
Q09891,NA
Q28EW0,NA
G5E8K5,3.21933279090699
Q9M8Z5,4.44841738082535
Q54S38,NA
O22212,-0.354425349706535
Q9ZV48,NA
P31209,NA
P31209,NA
P31209,NA
Q39575,NA
Q5ZMV2,NA
P31851,NA
Q5ZC88,4.15289063476358
P49756,6.55187477109017
Q28735,NA
A3B529,NA
Q2R2B4,NA
P04072,NA
P0DJ55,1.66666688517992
Q8TD57,NA
P39866,NA
P41925,1.60143405525085
Q3T0M7,NA
Q05746,3.21933279090699
Q9Y388,3.63727246708615
P34140,4.64170245169703
Q3B8G0,2.8071070751714
Q55AX0,NA
Q8CDF7,-0.882062205361772
P79051,1.60143405525086
Q9LHE5,NA
D4D4B1,NA
D4D4B1,NA
Q03441,NA
Q4PFV5,NA
Q8VXZ7,NA
Q9UI17,NA
Q63170,NA
Q63164,NA
Q23TC2,NA
Q8VIG3,NA
P55080,0.277125423233522
C8VK14,NA
Q94C49,NA
O96624,2.99848327478316
Q9Y485,NA
Q9FIX3,NA
O01305,NA
Q9PL79,3.21933279090699
Q9P2H3,NA
Q54JC8,NA
Q9SIC9,5.1023516144853
Q9SIC9,5.1023516144853
Q9SIC9,5.1023516144853
Q65X92,NA
Q18885,3.21933279090699
Q01484,NA
Q01484,NA
Q01484,NA
Q01484,NA
Q01484,NA
Q01484,NA
Q01484,NA
Q01484,NA
Q01484,NA
Q01484,NA
Q01484,NA
Q01484,NA
Q01484,NA
Q01484,NA
Q01484,NA
Q01484,NA
Q8RUS5,NA
Q8BKE9,NA
Q10101,4.03055451000597
Q03042,NA
Q90ZA1,NA
Q9CQF6,NA
Q9S7Q2,NA
P22125,NA
Q54ED4,1.60143405525085
Q09747,NA
Q06056,20.8974270093973
Q9LM66,-1.6854766864486
Q5U315,5.73153356746854
Q8FDE1,NA
P24724,NA
Q8IZU2,NA
Q9WTR7,1.60143405525085
P11144,NA
Q54TW0,NA
O44411,1.66690930614186
Q920A7,NA
P26182,-0.354425349706535
Q8BW94,NA
Q67XX3,NA
Q7K0F0,NA
Q5E9H5,NA
P63034,NA
Q9XER8,NA
P26182,NA
P16638,NA
P14099,NA
Q55A45,5.64393890175377
Q9WTR7,-2.15832451201606
Q8GYX8,NA
Q63486,NA
O82528,3.96096137333589
Q6C537,NA
P48859,4.64170245169703
P55931,NA
Q2TA16,NA
P25635,NA
Q8ICR0,-21.2874187465216
Q9X1C1,4.81212134203718
Q9U4N3,NA
Q8NEY3,NA
Q63164,NA
Q84WU9,1.60143405525085
Q8JHJ2,NA
Q4P0I7,NA
Q90ZA1,NA
Q5ZLD7,-1.45233012442486
Q6AVI8,NA
Q9D2H2,NA
Q24120,NA
Q54PK4,NA
Q23F13,NA
Q642H9,NA
Q9NJU9,-0.354425349706535
Q800A0,NA
Q9LPD9,NA
P50532,NA
Q553S2,NA
Q9NWT6,2.62868230417999
P0C6F1,NA
P29610,5.33887274590197
P43524,NA
Q9LHP2,5.34386164997216
Q8T880,NA
Q9S9Z8,2.8071070751714
Q9WV04,NA
Q54I57,NA
Q75JN3,NA
Q4TVV3,4.44841738082535
Q9H2P9,3.40505652937855
Q7SIB7,6.55187477109017
P11144,4.22517921106366
Q64M78,NA
Q32M07,NA
Q32M07,NA
P54319,4.64170245169703
Q5M9F5,NA
Q7Z429,NA
Q8TF62,NA
Q6IUY1,NA
P49643,NA
Q5PPY1,3.21933279090699
Q89AD9,1.60143405525085
Q4N927,-0.354425349706535
Q47D81,1.60143405525085
Q99M03,NA
Q2HJ19,4.64170245169703
Q39584,-2.66873899628511
P28178,NA
Q9SIC9,NA
Q9SIC9,NA
Q9SIC9,NA
Q9SIC9,NA
Q9SIC9,NA
Q8L850,-0.354425349706535
Q8L850,-0.354425349706535
Q8L850,-0.354425349706535
Q84LK0,NA
Q9LM92,3.96096137333589
Q5PPV5,NA
Q9MBF8,NA
A3RCV9,NA
Q852Q2,NA
U4PCM1,1.66690930614186
B0G172,1.60143405525085
F4KDA5,NA
Q5RA42,2.67476381012972
Q08C72,NA
Q2KIW9,NA
Q03685,5.34386164997216
Q7SXN5,4.26599898892027
Q27802,NA
P49020,-0.171569445764358
Q9Z336,NA
Q9SIC9,NA
Q9SIC9,NA
Q9SIC9,NA
Q9SIC9,NA
Q9SIC9,NA
Q9SIC9,NA
Q9SIC9,NA
Q9SIC9,NA
Q13435,NA
O16140,NA
Q55DY8,NA
A1ALS6,1.60143405525085
P34140,NA
P10363,NA
Q5PQN1,NA
Q5PQN1,NA
Q5PQN1,NA
Q9S281,2.62868230417999
Q9S9Z8,3.21933279090699
F4ILR7,NA
Q9Y7M7,NA
Q96I25,NA
P45369,-0.354425349706535
Q58FK9,1.60143405525085
Q9R279,NA
Q3B8D7,NA
Q54VD8,-1.87591578512813
Q9FF66,NA
Q949Y0,NA
Q9NZJ4,NA
Q8L6Y1,NA
Q8RX66,NA
Q94A40,NA
Q94A40,NA
Q8ICR0,NA
O14980,NA
P08965,NA
Q21221,NA
P53634,-1.01338460895006
P80424,NA
Q9NVX2,NA
Q9NVX2,NA
P54696,NA
Q9DBE8,NA
Q5Y5T2,NA
Q6WKZ8,-0.354425349706535
Q9LSP7,2.62868230417999
Q28BT8,NA
P0CO04,NA
Q08CG8,NA
O54898,NA
Q08211,NA
Q9UPV0,2.62868230417999
A4T5L0,NA
Q22235,NA
Q57664,NA
Q7ZVZ7,0.639664233121726
Q54BK0,NA
Q05120,NA
P0CT80,3.21933279090699
Q943Z6,-2.18489522634822
Q9VZJ9,3.96096137333589
Q1JQA3,NA
Q8H4S6,NA
P25250,3.89744023368541
O59922,NA
Q6AX60,NA
Q553S2,NA
F4JY37,NA
Q9VBX1,NA
P28178,0.639664233121726
Q08972,NA
Q05120,0.639664233121726
Q2QM47,4.22517921106366
Q05746,NA
Q90ZA1,5.81411332610507
Q6NPL9,NA
Q5R7P3,-3.45977413035257
Q8CGP2,2.25704600302941
B6KG46,NA
B8D0B3,-0.354425349706535
P48160,NA
P93212,NA
Q9FN32,NA
P52865,-1.6854766864486
Q7XWP1,-4.28024644934602
Q2HJ74,NA
B2HIL7,NA
Q9FLB0,1.60143405525085
Q5ZI87,NA
P30666,NA
Q9LFP3,NA
Q5UNW1,NA
Q553Y7,NA
Q9CR57,-0.354425349706535
Q5I0R4,NA
Q9SGG3,NA
Q83F39,NA
Q7RBT0,3.48603491397138
Q1AS21,NA
Q9NVC3,NA
P35251,NA
P26182,5.49032068381598
Q8KFZ5,3.63727246708615
P90519,NA
Q38998,NA
F4JAA5,NA
Q54QG0,NA
A4IWI7,NA
P16120,NA
Q54NK8,4.22517921106366
Q08853,NA
Q55GD2,NA
P48542,NA
P92958,NA
Q96PY6,NA
Q6EX42,-2.13657959680459
Q6EX42,-2.13657959680459
Q6EX42,-2.13657959680459
Q852Q2,NA
A4RHF1,2.62868230417999
Q9SYM4,NA
P34140,NA
Q5U3F2,-3.99994466120612
Q99M03,NA
O23300,1.60143405525086
Q07DZ7,NA
Q9FIZ9,1.55147690390754
P46976,NA
Q9SIC9,NA
Q9SIC9,NA
Q9SIC9,NA
Q9SIC9,NA
Q9SIC9,NA
Q9SIC9,NA
Q9SIC9,NA
Q9SIC9,NA
Q9Z336,NA
Q13423,NA
Q10074,NA
Q6ZT12,NA
P36146,1.60143405525085
Q54I48,NA
P25408,NA
Q2QM47,NA
P45860,NA
Q9FVV6,NA
Q2KIW9,NA
P00792,NA
P26182,2.62868230417999
M0R8U1,NA
Q6PBF0,3.21933279090699
Q76KC2,1.60143405525085
Q9SIC9,NA
Q9SIC9,NA
Q9SIC9,NA
Q9SIC9,NA
Q9SIC9,NA
Q9SIC9,NA
F4I366,3.63727246708615
Q7L0R7,3.21933279090699
Q2KHZ9,-0.354425349706535
Q8W0Z9,NA
P37891,NA
Q04637,NA
Q41000,3.96096137333589
Q9JI38,NA
Q9FHT4,-0.777084858015156
Q7TXM0,NA
Q7K755,NA
Q9C718,1.60143405525085
Q9S7U0,5.07480581335552
O94686,6.10398188140339
Q9DB75,NA
P33628,NA
Q4N4N8,5.4509733368375
Q2HJ10,NA
Q6AYD3,3.21933279090699
Q03498,2.62868230417999
P0C605,NA
P0C605,NA
Q9UTM4,7.10479368051962
Q8WXX0,NA
F4K5J1,NA
O95208,NA
Q9SLG9,NA
Q9SLG9,NA
Q54PW9,5.34386164997216
Q7XR06,NA
Q9M339,4.22517921106366
O14980,1.60143405525085
A5VUZ8,7.14311887905832
P18562,6.09127931749246
Q8LB02,-4.82444280044616
Q7UHU7,NA
Q9LXG1,4.50522140319584
Q8IVS2,2.32511108946608
O77302,NA
P31320,NA
Q3T042,-1.29894408778481
Q8LQJ8,4.64170245169703
O48557,1.38331808229351
Q9NJU9,-1.14675300044966
P14068,NA
O82574,3.76822431496798
Q58536,NA
Q9R1P4,3.96096137333589
Q7ZXX2,NA
A2VDZ4,NA
Q9FHN8,NA
Q9S9N1,NA
Q39610,NA
Q75JD5,NA
Q9Z286,NA
O14617,NA
A1T726,NA
Q8L796,NA
A8I9E8,NA
Q8BGF3,NA
Q8CAA7,NA
Q16566,NA
Q00737,NA
A1KQG0,NA
Q9YGN1,1.60143405525086
Q8BGF3,3.84985648413219
O68006,NA
O68006,NA
O68006,NA
O68006,NA
P34736,NA
Q10SX7,NA
F4IHR4,NA
Q803X4,NA
Q59022,NA
A4QVH4,NA
Q9LPM9,3.96096137333589
Q90YB1,NA
B4K799,NA
Q9URZ5,4.44841738082535
A8HUA1,NA
C4NZN9,-0.470485217219918
Q05048,4.22517921106366
P27996,NA
A8Y197,-0.354425349706535
P62755,6.03679015689547
Q6PBF0,NA
Q9UL12,NA
P27085,-0.354425349706535
P13234,NA
Q8BW94,NA
Q10190,NA
B2T2Y6,1.60143405525085
O14244,2.25704600302941
P68173,NA
Q54271,NA
Q6ZTR5,NA
Q8VIG3,NA
P21616,2.62868230417999
P39197,-0.691381751477134
Q758S3,1.58626084673537
Q9H0J9,NA
O44001,2.62868230417999
P36887,NA
Q8X034,NA
P34125,NA
Q5ZIM5,NA
O14980,NA
P34117,-5.41207767466369
Q24F59,NA
Q54Y20,NA
Q4QR99,1.60143405525085
P33731,NA
Q03498,2.62868230417999
O74940,1.66666688517992
Q8TD57,0.416807590013506
Q03042,NA
C1DF45,1.60143405525085
A8WMY4,NA
Q8K0V4,2.62868230417999
Q99PV0,NA
Q9SA23,3.28253531853637
P62749,NA
Q5RDP9,NA
Q9Z2I0,-0.354425349706535
Q9ZGI5,NA
Q9ZGI5,NA
Q9ZGI5,NA
Q54L40,0.639664233121726
Q27171,NA
Q9SMH3,NA
Q93VG8,NA
P27766,NA
Q9ULC3,-21.4251624574947
Q653S3,NA
Q5ZMS6,NA
Q54I86,NA
O88986,4.38173526103666
C5YUK3,NA
P49968,5.81411332610507
E9Q8T7,NA
Q6C537,2.62868230417999
P70704,NA
P0C1I8,4.44841738082535
Q05746,NA
Q8KCD8,NA
P14604,0.441752917125673
Q683C9,NA
Q8N3C0,NA
Q8N3C0,NA
P30041,NA
Q1JQE0,1.60143405525085
Q4VAE3,NA
Q9VXB0,NA
Q9LP45,2.62868230417999
O14218,3.21933279090699
Q8GWE6,-2.44971930233272
Q9M081,NA
B9EY52,NA
Q6P9R2,NA
P43524,NA
Q8BRH0,NA
Q06827,NA
Q9SMH3,NA
P0DPD7,NA
O82221,2.62868230417999
Q8L7A9,NA
Q9SYM2,NA
Q9ZWG1,1.60143405525085
Q9ZWG1,1.60143405525085
Q9DCD2,1.02802175484775
Q6P8E9,-0.354425349706535
O50055,NA
O50055,NA
Q8IY21,NA
Q6GLZ8,-0.0192930913365249
Q39610,NA
A6N6J5,NA
Q10NQ9,NA
P55880,NA
Q8IV38,NA
Q99297,1.60143405525086
P22125,NA
P41001,NA
O23617,5.34386164997216
P48766,NA
Q39592,NA
Q8L796,-21.4687282282982
Q8L796,-21.4687282282982
Q8L796,-21.4687282282982
Q8L796,-21.4687282282982
Q8L796,-21.4687282282982
Q54M20,3.68550527543438
Q86A79,2.62868230417999
Q54VI3,NA
P15121,NA
Q9UNH5,NA
Q9FN03,2.62868230417999
Q9FN03,2.62868230417999
Q9FN03,2.62868230417999
Q9FN03,2.62868230417999
Q86KD1,NA
Q54QG6,NA
O94653,NA
Q05746,NA
C1A6R5,NA
Q9CX56,NA
Q86W74,NA
Q7TQ20,-4.36881108105338
Q9KEF5,NA
Q6ZLK0,1.60143405525086
Q5R978,NA
H2QII6,NA
H2QII6,NA
H2QII6,NA
H2QII6,NA
Q9UM54,NA
P40341,NA
Q9ZGI5,NA
Q9ZGI5,NA
Q9ZGI5,NA
Q54NS8,NA
Q6MWS8,NA
Q9W2H1,NA
Q6BLM5,2.25688505449557
B9E9M3,4.85208875521922
Q6ZRS2,5.14200867934127
Q4G0P3,NA
P22543,NA
O02773,NA
Q10661,NA
O75037,NA
Q7K755,NA
E9Q8T7,NA
Q869S7,-0.354425349706535
Q949W8,NA
A8GG79,4.22517921106366
Q6ZR08,NA
Q9LFV6,NA
Q7KUT2,NA
Q9UV51,5.89222041973
Q1PCQ8,2.62868230417999
Q9FMJ0,NA
Q0BUP7,3.19670764092741
Q99615,-0.354425349706535
P42795,4.2580206324592
Q8L796,1.60143405525085
Q8L796,1.60143405525085
Q8L796,1.60143405525085
Q8L796,1.60143405525085
Q8L796,1.60143405525085
O24661,NA
A7MBH5,NA
Q3E9A4,NA
O15865,3.21933279090699
Q8TGM7,0.63582623959622
Q9JI90,NA
D0MY11,-3.12901907757266
Q39493,NA
Q5UNT8,NA
Q6K550,3.96096137333589
Q7TSC3,NA
P0C6F1,NA
Q82TQ4,NA
G4NEB1,NA
Q54EQ8,3.63727246708615
Q8BHN0,NA
Q9HEH1,NA
Q756Y8,4.09069949439101
C0ZIY1,NA
Q6BIV1,NA
P35447,NA
P35447,NA
P35447,NA
P35447,NA
Q39604,NA
Q700X4,1.60143405525085
O12947,NA
Q9SFU0,NA
Q55GU9,NA
B4NSS9,NA
Q7ZUG0,2.99848327478316
Q6ZDY8,4.98429351491235
P9WQE9,NA
P9WQE9,NA
Q80V31,1.60143405525085
O14218,NA
Q6YZ54,NA
O00294,NA
O99252,3.96096137333589
P49105,NA
Q9XGL4,1.84496955775372
Q9LWN0,NA
Q9NQ90,NA
Q9LE22,NA
Q5SMG8,2.62868230417999
O60447,NA
P29356,0.924641065070391
A8JF70,NA
Q4UG71,1.60143405525086
P22125,5.22815380782668
Q54Z09,1.76257350834619
Q3UY96,NA
P11144,4.35015574411759
P49355,NA
O14040,NA
Q54R82,NA
O44001,NA
A8XA58,NA
Q8N6T3,NA
P91443,NA
Q9SUR9,NA
Q9UUC6,NA
Q56Y85,-6.98399474744293
P53476,NA
Q7SBC6,1.66666688517992
B9DKR5,NA
Q9VVA0,4.22517921106366
O82143,-5.22800405827011
Q4R3Y4,NA
P41189,2.59997682125916
P33188,6.22964850860762
Q8I8U2,NA
Q43362,NA
P67777,NA
A4III8,NA
Q40784,-0.354425349706535
Q9V3P6,NA
Q9LIA8,3.21933279090699
O94580,NA
P53623,2.62868230417999
A7AMD1,-0.354425349706535
Q54G21,5.64393890175377
Q9SGA6,NA
Q54J73,2.25704600302941
A3AWA4,NA
Q962U1,5.73153356746854
Q5SMG8,NA
Q9P3U8,NA
Q9LVN7,NA
Q5XF07,NA
Q5REE8,NA
Q4N655,3.21933279090699
Q962Q7,-0.364851638007701
A8ILK1,NA
Q8TDX7,NA
Q553R3,3.21933279090699
Q9V438,NA
Q9V438,NA
Q9HV66,NA
O94417,5.1023516144853
Q95029,NA
Q8LPL6,NA
Q8IZU2,NA
Q9LEV7,NA
P62343,NA
Q9VJ79,NA
Q9VJ79,NA
P0CQ26,5.12071987196794
Q5JVL4,NA
Q9Y7M5,0.117286125441214
P90703,-0.165136671154325
P35182,NA
Q9UII4,NA
Q9UII4,NA
Q550K8,NA
Q9NP64,-0.354425349706535
P14091,NA
Q8LQ36,NA
Q5PQL2,NA
P20902,NA
Q28IH8,NA
O23247,0.639664233121726
Q86K94,NA
E1BB03,NA
Q9H0C1,NA
Q0VCU1,NA
Q1MTN8,1.60143405525085
Q9ZGI5,NA
Q9ZGI5,NA
Q9ZGI5,NA
O77302,1.60143405525085
P31018,NA
O66829,4.64170245169703
Q54YL3,NA
Q80Z71,NA
Q80Z71,NA
Q80Z71,NA
Q9FIB6,NA
P34797,NA
Q8H0T9,NA
Q8H0T9,NA
P41838,NA
Q05016,1.60143405525085
Q6INS3,3.96096137333589
Q9HCE9,NA
Q86AS0,1.13746470072061
Q54SN4,NA
Q67XQ0,-0.354425349706535
Q9FGR0,-4.4859707010191
Q503L9,NA
Q503L9,NA
P49397,NA
Q55CT5,1.60143405525085
Q8LPJ4,NA
Q8LPJ4,NA
Q9ZRJ4,NA
P11075,NA
P0CS68,NA
Q9SJD4,NA
Q9C512,NA
P43524,NA
Q6PS57,NA
P26182,-0.354425349706535
P0C6F1,NA
Q7RAV5,NA
Q5R579,1.55147690390754
O74633,NA
Q6IUY1,NA
Q2QAV0,NA
Q8VZM1,NA
Q9FGI1,4.96452202123177
Q92462,NA
Q9SUR9,NA
P62323,NA
Q7XJS0,1.60143405525085
O94400,4.56808960308771
F4I116,NA
P15348,NA
Q7ZVZ7,NA
Q12314,NA
P05091,NA
O00400,NA
Q7TXM0,NA
P9WQE3,-1.01338460895006
F4I893,NA
F4I893,NA
Q9SIC9,NA
Q9SIC9,NA
Q9SIC9,NA
Q9SIC9,NA
Q9SIC9,NA
Q9SIC9,NA
Q9SIC9,NA
Q9SIC9,NA
B6KG46,NA
Q402E2,NA
Q9UPV0,NA
Q6NRV8,NA
Q8SSN5,NA
Q01059,NA
