,Cycle,A1,A2,A3,A4,A5,A6,A7,A8,A9,A10,A11,A12,B1,B2,B3,B4,B5,B6,B7,B8,B9,B10,B11,B12,C1,C2,C3,C4,C5,C6,C7,C8,C9,C10,C11,C12,D1,D2,D3,D4,D5,D6,D7,D8,D9,D10,D11,D12,E1,E2,E3,E4,E5,E6,E7,E8,E9,E10,E11,E12,F1,F2,F3,F4,F5,F6,F7,F8,F9,F10,F11,F12,G1,G2,G3,G4,G5,G6,G7,G8,G9,G10,G11,G12,H1,H2,H3,H4,H5,H6,H7,H8,H9,H10,H11,H12
,1,-73.249440714304,-31.3676373417666,-45.582139496355,-39.8507625700904,-41.954406107563,-48.7247954123568,-45.6857014801071,-70.8107811691516,-47.6778798697969,-58.5061442865381,-5.26734937944002,-132.160073940256,-19.9347291166014,-51.8375741347845,-39.4890866387832,-34.2466207366933,-8.36523176911578,-20.9414808938545,-17.7421494987666,-16.5476289430771,-3.51774464478058,-4.72865596088923,-23.5896614155263,-47.8840727331026,-42.6440513817561,-43.8781910317903,10.8366100632047,-35.3460157008103,-5.53983951712507,-12.1430883123176,-16.6512858470433,-25.5668794966878,-42.3990635934206,-2.62378344730496,0.107637392802644,-47.1638274343532,-35.7765821742287,-37.9448296892278,-27.1360386463384,-9.63531328522367,-24.4549764083458,-26.4323672738874,-20.2399425778167,-12.9102296226756,-20.2052339381971,-40.7237224509481,10.9850779450662,-32.8238585694653,-45.9887981824668,-45.3359715256483,-26.4764756463901,6.99447356238306,-0.658705204588841,13.3517011585773,-9.02017317109676,0.365852097836978,-26.4545047083429,-56.6841110563382,-53.5601879425358,7.7991508309824,-42.8385405653153,-26.0877837175922,2.76105270978042,-10.0868905755196,-27.2825467902403,-4.30912270558292,8.76038167237857,8.83321328406237,13.1865656757964,-44.28785686843,16.2397069982017,-6.21425794226161,-12.0918250710511,5.50217654182234,11.1874482446829,-20.2412156932878,-0.0972690981079722,13.4118682843482,-13.2667168889893,6.31511215596038,14.4865326371455,15.7305079826692,13.1343586845524,4.40104980612523,-42.1447214125892,-29.8250910300503,-30.6132113964049,-12.9707113781869,3.25080867704855,-18.9791134546249,3.63001903515033,-13.5540546774128,-2.61371266137849,-21.5528826226619,53.4264326536868,-33.8941192681241
,2,-18.0091834366194,-14.3304720342039,-17.9157748930984,-13.965655091728,-11.5934770537624,-25.1984418616194,-29.8748578809009,-38.9772025825969,-29.6739184703565,-17.5178764733128,4.11315574075252,-36.8151112526593,3.26085720584706,1.16290333581492,2.25576311132136,-1.47654579700429,12.198023814035,-5.15893322596185,-2.54656169166356,-8.96633888424094,-2.38998337799239,3.37825371108192,-8.25328905901188,-4.23413142116897,-11.1225267064183,3.96670997106048,20.2108700287281,-2.11699371021314,7.68974542618525,8.91555859967775,11.6450610525862,5.23852905587046,-1.82777526550308,8.24902561520867,21.9673816413251,-3.73375440374912,-1.71644035375721,-1.98871996880916,1.84532679658332,10.5110769717739,2.62124973020946,7.39065099153777,10.8964634512831,7.3581067782543,9.39588957515116,2.85975521362161,14.4298532572757,-3.05604732392385,-12.7765547999861,4.84752283681337,6.78525145101594,13.8037919556991,17.0437281202248,18.747928888577,4.96626322799602,15.8218061791231,17.6999384647806,-0.0765489029035962,2.42608629319511,24.1326875568611,-7.1020010238226,1.05281419552739,18.4101480082572,6.97234271184061,4.1765299354629,24.3926869192874,17.9936742687696,5.29343997767319,25.9680937424764,2.32727668816551,26.7018770177892,16.7791440851779,5.07803358548699,22.3208337149881,25.9220584106224,8.52345695087388,12.9231016374451,18.2594519440408,7.93879680918326,18.3574307969775,26.9895378576766,18.5271686851956,25.9989577818942,15.0575963941901,-12.4594439355333,-12.2493877633387,2.39963624125267,7.12133431909024,8.01655427541937,-3.05351703519773,1.87354961690926,3.65876583108366,2.08870000896513,6.20912265111292,22.5755431449761,-2.9184509024235
,3,1.79931549227695,-2.6404916094998,-2.13052310613875,3.99782825052534,-2.03158561256896,-15.1052550271079,-10.2186071777005,-25.7317253579376,-4.98825317107367,-13.4229062740078,6.21816317951743,-0.958351103787209,16.4138501219568,6.12125558195658,15.3166893219168,4.91733674580428,12.3913455523161,6.33023339674492,1.82201898265976,0.729456473502978,9.1041745279108,12.6091818921905,8.11640304282446,9.72233618303017,0.14931341717238,17.4509806930473,22.7173618791985,13.164999428478,13.3445755847915,12.4103976784172,9.87176641546284,12.9361903050776,6.9012978377832,10.6684305508734,19.3674628962435,7.06926245745126,9.32846976291694,7.27675253785492,6.68410892626162,7.55505385734796,7.01427487394176,2.66971826069494,9.45789416809203,0.87970242206211,10.5017656073451,8.54388971926346,19.1994481809161,6.85130752610348,5.92312986124307,23.5822929452679,20.3424046610817,18.8458682153541,16.5629121510065,22.783558787758,15.3673278784863,12.5979086110292,21.0202780156214,3.26457701034087,9.70537202100968,24.4884897257289,6.42219193484743,11.3529162669929,16.2558371387604,6.76169881373426,15.1685714667856,17.869049279112,15.8872782615817,19.8032841678214,25.1098087678311,12.3516385264447,20.5831834817491,16.7914386360353,12.9426053365187,24.990286614955,27.2974187173786,15.5612529986192,18.3159447054577,20.4064721612904,17.2500462264561,27.0560648480341,26.7436963640921,24.1946523130409,22.3282950236371,12.6029203497474,5.28710374186267,8.01459415769205,10.5872130289226,16.1614426494116,19.5789221972746,2.45188611618141,6.33696556635823,12.1629690830023,11.7247558141935,16.4645994622333,23.6041848722398,19.5462578149381
,4,11.1473951765602,10.620947331864,6.81024328690455,4.52940032310562,4.21921633314741,3.12809812860451,-5.49934168133768,-3.55104319217116,-2.43853746474451,-9.97884688448903,8.00033283546691,4.71086628542525,17.0557417982236,10.6154162133971,11.1192478323792,6.67338656034281,8.75898262552437,4.23871686970142,5.09768032401917,5.73159815399958,4.02036948489967,6.19439934361253,4.83664813931864,5.20090274647191,14.155938629141,9.2411734046691,7.55924581237377,6.74580759391392,9.97242095670299,8.77926899709928,0.567002057205173,2.08614119229605,8.60848270764291,6.5380883855396,5.40675981696222,9.38732215954042,8.87819377079722,7.45742524010529,4.80544970881783,2.18756367727656,6.75310277868448,4.83012406815578,7.62163271010468,7.25524311820482,7.60148294958344,5.24010263795753,16.153196796653,8.89647282983242,3.89943541948742,9.94731601897911,8.62984632656116,6.53769130030742,4.32856256286505,12.4481018157294,2.55785456080957,4.57139566144178,6.58334209801069,4.95614307910182,16.4277440922488,11.8949005734321,5.62766033221487,3.59820681271958,13.795238598088,3.44119271367708,5.93693398186042,6.63349591386941,12.980931758133,10.7938522475215,21.9256474249105,5.9514823142199,3.62845075576661,8.15357725433387,6.71625598614992,20.1444300039529,16.3886820681437,8.02935917743343,8.83802545129402,10.000019311422,5.4741768173526,10.3362729484625,12.4022225464505,11.1445995764752,10.4994424547822,1.75537585797974,5.44082006250301,2.82895339385777,7.56965203748587,7.63847676679507,7.12846810586325,1.99721015718933,-0.917104252164791,5.06625530638667,0.983308265061169,4.1414578918193,14.4720630373831,15.4813775653038
,5,0.520594879177224,-3.96443699277734,0.749099991686307,-3.32379077503265,-1.06773967652771,-6.87310614048329,-12.0774933105331,-13.5035945205409,-4.94326521754192,-14.3330903150681,-1.0254850366282,1.48840433905934,4.43362417300159,0.843027329536199,5.24307225722987,-2.97074202607837,2.60882572480114,-4.11358121108424,-4.47296504594851,-1.09013336346379,-4.59819115158371,-0.368578012562466,1.39813773152309,-0.0867695443866978,-7.1961769778045,2.47494927510706,-2.69485231881481,-3.94375182000658,-6.83750783097094,-0.715426974693401,-2.75528312497408,-5.88850621756501,2.07090540294121,1.13485825009229,1.10296394649959,2.01708378659714,2.45138840645814,1.08525921568253,-1.87828601085857,0.651799633909832,-0.442961126133014,-2.07161667815126,4.48854905255757,-0.512329059303738,3.39870446062741,0.0756195202666277,-0.028124145235779,1.10802159184641,0.254683362749347,6.72394684476058,2.41026447291188,4.39634076420225,-1.53781303561664,7.23604845323825,0.864884637447176,1.08780435603694,0.159327687748373,0.384933083290889,3.28404772287831,7.02818390226275,2.37749935691136,6.20035414648919,7.4603868476861,7.19871061389313,4.69819470931543,5.62455821731601,5.54699318651183,10.4413168417104,20.1041092495598,2.99254510500941,1.29592911319378,3.78491035956904,11.3042674416574,6.95078796046255,14.6161338239017,2.18997686574585,3.59711799763409,4.6937505437927,1.9413198047032,8.49368431816765,8.83968488174833,2.52150928339688,7.30700217968842,-1.09629618146937,-1.16517416046918,0.712717849763976,6.07433846376807,3.15788931501356,5.08808682213021,3.6626360901646,-0.564758252809042,2.85597379602495,3.94331983438497,-5.94936073851386,4.20449611763979,3.87175356636999
,6,6.61651297435856,-2.39330207844523,8.06989480522225,4.68649892622034,6.48296074323298,3.14261010879,1.66161478014055,-2.88087869028277,3.06028977168899,2.07615740690835,2.03015121500721,11.4659080231331,1.51687158535424,3.47822809755417,-3.70237333208206,5.98690970839925,-2.35751127848562,1.68176104340182,3.76974844213419,2.41076088430782,1.79177978488133,1.83416893005779,3.10364031791323,9.4822247842867,-2.27688159204808,3.70815293730993,10.1399449261098,3.587786123353,4.09108146969265,6.22275730479487,-1.65510562885902,0.989743338182961,4.67959563635304,3.09672530516946,3.03074582924455,4.63994974465095,7.71596839227641,1.09440209370587,0.719881048920797,6.35171134132179,5.24067792460301,3.61565772797985,-0.477593775152855,3.55472592156184,2.08483270197939,5.46519558483669,5.147513197222,0.0586258667863149,0.649562982103816,3.59888719168521,-0.70236907958315,4.93673453482188,-0.906395067935591,3.46762692768789,-2.06560214455385,3.40699933722499,-3.27637437343765,-3.35666272408162,-4.15800918167952,0.786312439553512,0.821009377199516,-1.83642204647549,0.517262708324779,2.33817197952339,-3.15157225777511,3.4110281694775,2.08993986210953,0.636908090558791,5.75749846401777,0.145147737246589,4.30873075310774,7.31741249627339,1.95834479243786,4.09626849987217,-4.94411969720204,1.05257444250128,-0.921348433700587,-1.35751181099658,3.99154037354492,13.0300845236015,5.61953695745433,3.05488165638599,-0.349826643843699,-1.54798184177525,-1.83014463287509,1.05648728631877,-1.06067762611929,3.71447591553078,4.06212607028647,2.15492091311535,5.64177925063177,-0.173957099436848,-7.35993871180017,-4.57821051077553,1.42464459307303,-2.49141923829757
,7,0.838483727902712,8.80746145761168,0.356650405402434,-0.625603700249485,-2.01065820494841,4.12744778430078,-1.74681609748222,-0.448568714074099,-1.91559014618724,1.23818074901828,-2.16667882556067,12.9107372305743,5.72720918055893,2.85911868428957,-0.566153326748463,-2.91078328098683,-3.95489147813169,-0.698699294079233,4.61115167743992,7.45536253647879,-2.56403628473254,1.96923854920442,-5.35160472753159,-4.11597731530583,4.48402654281927,-3.02844241198,-6.55281259581898,-3.39963183777218,2.26571902300384,-0.110068279132975,-0.901833193300263,-0.0386291617287498,5.35640764136588,9.11992252696473,-2.19874455895661,-2.99480310880426,3.90655813614467,2.54141210727721,-1.64073678000386,0.436375251654681,1.03661935837226,3.00310168590295,-0.80069635243126,2.8623029692244,1.05171460857127,3.22069308728715,-1.92034871382384,-1.79529804049162,0.0481050060298003,-1.88763009394279,1.83900310318677,-0.261495928585646,3.8376431689212,0.73395035253634,-7.55587020225903,-4.66350596297343,-6.03349138791782,-2.86282691142151,-0.587884417624082,-1.21085672214031,2.20234866368264,-6.85342672389743,-6.8423870202696,2.68101779638528,-9.13823354448505,-4.78970863501308,-10.6993196542007,-6.89273597310421,-6.627593242476,-3.5949476349997,-3.81578102112508,0.368729235909996,-7.4947835364801,-4.59006271243925,-7.06500487711219,-3.72297542256274,-9.52269842679289,-2.91824876258761,-5.3045622350628,-8.22686336582956,-7.93567872123458,-6.23225500212357,-5.68745835874688,-2.54384923618272,9.31414467882132,3.9301623162828,2.2863732751739,4.79556194203542,-4.56538085469037,1.50697426750048,0.462111972594357,0.882460444036951,-5.48407516328643,-4.36561470297238,6.61975562181942,-2.49967811981696
,8,3.89921127744856,0.0420510301373724,4.09215270190089,3.30847507983071,5.79157729130384,8.00810078878749,0.284825749797164,-0.644672647585139,7.96675442452397,3.94000138193769,0.411739078316714,6.20346645519749,10.2302060202728,4.48176050837355,-1.66911159415577,-1.15876000256594,-10.8413656120883,-2.31310190453132,-2.27959824360096,-5.77215549514585,-0.584949310555203,-0.215577623873287,0.76410387420583,-8.86147240131231,0.480182350820542,-0.95236299314638,-6.5475818309842,3.21198466278656,-1.25944307663485,-2.45205713586438,-0.724422155348293,-0.245556305480932,-2.87158240760255,-12.4259714052187,-7.99317796675859,0.505966315013211,2.0393738597395,-0.0303571016338537,-1.3809148709388,-0.29709400307911,3.3939463773786,-1.26867667798433,-0.522330144915031,-3.47891126231661,3.45829201631568,3.82508002401482,-6.33343582385351,-0.0986571674911829,7.08957436884702,-8.37318789246638,-3.71756027950869,-2.69352603890366,-0.289290798635193,5.34114476771174,-0.464761572362477,6.62512006565339,0.316978367560296,-0.44690012965475,-7.96068576836842,-6.65400328405849,-1.09956247664377,-4.93422341134465,-0.379205385055684,6.95467393348736,-5.8937345175309,-1.47495054782667,-3.88506440793572,-6.08421485259896,-0.912022775926744,-1.3077276311451,2.12894544221672,5.04101148652262,-1.45268363567448,-0.431031097336017,15.2140054797264,1.1534029458744,-2.30434297595184,0.0672053373746166,-6.56006407833684,-2.72091866865594,-0.949121907466179,-1.97490683236174,0.904026581396465,-4.96445264384965,9.07196499840029,6.45042735858806,2.17926737389462,0.193374802202015,-1.4409424856367,6.32016043362819,4.8997672540545,1.42338244991151,0.0671829394941597,0.759338048286736,1.9635774202161,2.47286095155778
,9,0.532163840018256,4.12712245939019,9.82429241426235,9.73010821057596,6.83776473731996,11.1999090741592,4.96824611783904,12.5582958050427,4.44164526053191,8.28695171571053,-2.48693123230078,6.71652213082143,6.62486898757379,1.33587658591205,-0.0138075835220661,2.11043906741543,-4.88285445167639,4.83973954186331,2.81701897912444,3.93275684678702,1.41634553273616,-2.20712129177809,1.91798856018795,-1.24552907078669,3.84145153449754,2.9347757435371,4.77851145786371,-1.4259031425081,1.91431125057352,-3.15173043377035,2.22884594979405,-1.47491927292867,-4.87761319596029,0.397492502501336,0.895225970692991,1.5802492256189,4.71758475842216,8.3282952311165,-0.0179698685824405,-1.09357610275583,-0.695294232467859,3.1655663407164,-3.5418833996373,-1.26941304260254,-0.847859349238206,-2.34434198210874,-1.5217365724402,6.651888841654,-1.87629227598154,-5.88380866306943,-3.99089788393758,-0.614493642151501,-5.38159078188255,-2.04243250419495,0.725112785126839,-6.75311461481579,-3.22760936252416,4.00982304394529,3.16521073373406,-0.219606373311763,1.21547582196945,1.00793834736578,-3.5802338400772,-0.270438108802409,-4.48872523764476,-4.10256434377334,1.43186724765837,-4.3343822185725,-5.32306987238189,-0.702298043655901,-1.72088117995918,2.13914740760447,-1.57836462508021,-2.27134348118125,-5.43269699262783,-2.04751631479121,-0.781794838215319,-1.7861122665754,2.23924239154439,-6.40717570271136,-9.25578345082977,-4.22617580796395,-6.26029571708204,-1.18104453761771,8.09751061440875,5.51830975333905,0.681158869323554,-1.70541884076829,-9.65846471526856,1.90380466954593,1.34701610834691,-4.59966645117584,0.684103766612679,-4.93639556616654,2.49555066089306,0.319425786465217
,10,3.06642485873999,6.54980181756036,11.521455405933,4.57093911983884,8.0815507904972,13.9709254739455,7.68278017545981,10.8757619628168,1.47207519800213,9.24868717126174,-2.89047738906083,0.380221891350629,0.535420961456111,1.49359642655145,-1.51804596164766,2.78383003445106,2.30201100130398,4.79075727754844,-0.398565666026116,5.817128988896,-1.37704436761032,-4.43296385001759,-3.31502576582898,-4.15447614183631,0.303880538405792,-3.02185301849931,-2.85158139154191,6.37756892412654,-4.12044935525955,0.107945901572748,2.42347963396605,-1.21191632722002,1.27165853716906,-3.21583379930962,-2.49303746557234,-4.42434831412174,-1.87185836304707,3.40637008889644,-2.88022581902806,-2.62711417198989,3.5650403683976,1.83040198175331,-3.26167893188358,3.25513674538342,4.31920009392707,0.477071505307322,-9.19666313730158,-3.5110789772516,2.41840443064939,1.4536496470264,4.2949960887363,-1.07872274730835,-4.23545002111132,-2.87831631034169,-0.459028150222366,-4.67749695907332,-1.28900630087628,4.66645543533559,6.20618050811936,-4.68949142465499,0.78782393416077,3.04512412906843,-1.70349679423816,-1.94205044675073,2.25126475508841,3.44496971145054,3.25345161856058,-6.13151640316028,-2.95665169405765,-1.33735429278386,-6.82525949793308,-1.57481042313157,0.98792862794653,-3.89587810409466,16.9158681455601,2.18476651198762,3.30297754586172,1.26008079751682,-1.65083571983541,-6.87047573291693,-3.1184123081257,-4.37522292879112,-3.94593242579685,7.58856510371697,3.36491868094345,4.03539068250211,-4.09657682956276,-0.627647305750543,1.76691110300999,5.05573130441553,5.79136753941111,-1.84062539539173,-2.56880237736732,-2.48211906836332,1.46373695084912,6.75678070195681
,11,-1.80820285608388,-1.77082201771009,-3.10000785595639,4.63729732623597,2.78572919064391,9.88486252824987,5.51550670361939,11.6613792775688,8.2045862566265,17.726711443328,0.681459607980287,0.991183687870034,2.5741539708888,-3.02973787030896,-6.16759224007001,-1.67288448526415,0.311340334506895,2.51525526494333,-0.42760008442292,-2.4742615958221,-3.82224437369223,-6.1996154758117,-7.35954745197341,-3.57942902408558,0.570356570975491,-6.85663279005166,-2.32153218876374,-1.53676390227884,-0.618303559385822,0.979064331002519,6.08972767220621,4.0438241375432,-7.45801457573361,-1.02087969550666,-4.35664550705224,-0.493815719375561,-4.08072675544645,-0.605149484583308,-2.31683030444583,-10.4044318167362,-2.33492742052294,-1.86054799466183,-8.01576990598915,-1.15196132948768,-3.88677962413749,-4.06229799766516,-11.1046883329764,-3.33199839967529,-1.65334344954499,-11.2352192424623,-5.97687716961082,-6.33781458260637,2.75911943808933,0.47059630230433,-6.3244341323043,-10.5991510107906,-0.468102085978899,3.43852612265437,-3.65777016894936,-7.43115397105612,-2.81469006456973,-3.24425121785316,-7.4825203589171,-4.0244510675293,-4.64258556979803,-8.23100131013234,-6.12682502977259,-12.5090411679757,-13.6099919783392,-6.2340285829232,-7.2153696793448,-6.29989208061852,-4.27479575678262,-7.93483533799736,-6.62400183068803,-1.84512320474278,-4.73440350827786,-8.73529812523066,-2.16060842476236,-11.7133643908637,-11.5182908467832,-3.64045179960885,-0.0322325296838244,-0.67439559167542,-0.484847729338071,-0.238754993730254,-1.9042526159792,-4.83460792758706,-6.24266273193552,-2.96032496713087,1.68832193675462,-0.665739136299635,-6.639176563398,-4.46024547127126,-2.80648022432433,3.45452637387461
,12,2.55564825905094,5.27000698557094,-2.31666612320441,7.57668338401254,4.61999047860445,10.1903404445384,4.31381014788258,9.62091806044373,0.570242662432065,10.2890791542632,3.80336237338906,-12.879081712571,-2.60544123690852,1.94162700209199,-3.7486298006188,-3.85798195933967,2.25217721114495,-0.73528796350729,4.48255348497423,-0.715884491763063,-0.827238897542884,-4.30105450061728,0.328003399255977,-4.41134002967192,13.416848484756,-3.60774147529628,1.93781731287527,-0.436710583146123,-0.578841633727279,-0.575955897733365,7.21210986985534,-0.843719980959577,2.52825518674399,-0.7684102542662,-2.94277973369753,-6.56726208333566,-4.32135517717506,-2.29532820962777,-3.45464899695617,4.61841790453764,1.88512941637418,-1.97212891682284,-8.07564916016781,-5.42738933980763,2.85877886417984,2.06342285225401,-1.04397862992118,1.51323890572166,-3.44832255825168,-5.10583669676453,-6.49098614562172,-5.91869163040246,5.2088000611202,-3.29995632421378,-3.482128234622,-13.2744984607307,-3.30943690438653,3.63201343065339,-3.6778062925423,-3.79165430449211,-3.40748243375856,1.85825593785012,-3.73593457813513,-1.78127513875552,-0.678842668328798,-3.78599844298697,-2.8483507255678,-6.22727950945773,-7.02951591104829,-2.0654893337105,-1.96373789101563,0.79492732883773,-0.845456272290903,-9.32912752505945,-8.69344787272257,-6.03082548481143,-0.410562348431995,-5.75848329382552,0.392865252265437,-5.21124611248706,-6.04473259159386,-10.1162529203193,0.617944959320084,-1.29649170539233,-2.85989587866789,-2.22005851344147,2.41186284920877,-3.18272871606678,-6.5244987269989,2.42368747967157,4.22334054466592,-1.6080077980414,1.72182106856235,4.13707466589221,1.68324198806658,-2.41154566022033
,13,2.82183739502761,8.33348302249942,3.0237078659984,0.640920729491882,7.88348906433566,9.7787464705325,9.41205659330626,13.2167885089102,5.84110114729356,11.1357516539892,10.5838746854079,-9.73070763741816,-10.8800041017203,-6.54224676775084,-2.8242075800772,3.32325288982702,1.84616933719371,-2.59597411055893,-2.94088846552677,-1.35694800342208,1.42888785577725,-3.90329168373773,0.699951361000785,-1.20757102305652,-1.18727876916455,-6.76971181295994,-6.46185752008932,-0.140683308260122,3.35696388739052,0.162654571910025,5.99588737393424,0.737725151077029,-2.41247313288477,-3.57916152029793,-10.5526945126985,-2.17437055630216,-12.0828340796834,-5.43975645180944,-0.777486308501466,-3.46692632508166,-3.99565285618337,-4.27209403074448,1.1110900883541,1.20937472327751,0.00365158829663415,0.757226279481984,-10.0194819321896,-6.14153200123656,3.72597033883903,-2.42622838919669,-2.57067073626786,-2.96352801975081,4.09690841387055,-10.1571611191066,-7.95705912904123,-3.75973344589511,-0.263121290619893,4.77265204053037,-5.58687458253735,-4.85882147434131,-4.00684129904403,-1.18580612890764,-6.74418691796564,-4.48775991325419,-3.41405518634019,-5.50904675971651,-8.25532202248905,-7.23020126034862,-4.69553495820946,0.21274984743286,-4.70894890770978,-14.2065839338775,0.795148309678552,-9.73678150081105,-9.69066700949497,-3.19796659464919,-2.36974271512099,-6.45112822849114,-1.01919211534732,-5.59200933951161,-2.7311652186454,1.50728908587917,-4.6352162564981,7.11119314285861,0.652101453075375,-1.88150015634892,-0.214676015737496,-2.34425485640986,-1.07922974788744,-1.66197031118281,2.72515379793276,5.80258127644265,2.6330289553789,6.19223891919137,-5.0492308175144,-2.63202979783
,14,3.15280978092414,6.29170991853971,3.28875496464752,-0.185785512838265,0.930252883892535,1.20660046334615,8.81047532237972,7.51959756286033,2.76759852655687,6.93943838218274,13.3353457811991,-13.6674591112469,-2.30566010564326,-2.27518322587275,-1.39845701932427,3.39369842695123,3.59096330169268,-0.168292618001033,-2.65646171151548,2.03370611679566,-3.53867828693728,-7.44455912865305,7.81699120701705,8.61023163024674,3.84217772997727,-0.988425877880218,-4.27426858675244,3.51894387182801,-0.179588232289461,1.89365403398733,4.75920227378992,-0.925718080821753,-3.3033381224177,0.749197146840743,1.20758778220625,1.61770178825827,-6.21074571518511,-2.47248563344692,5.25575272217429,0.816618987235415,3.91621850509,-1.02636527397044,-6.32171364933856,-3.22621870310286,-2.56747067689503,-4.67646238103771,-1.50053438839495,-1.88052562137636,4.8603483968709,1.73890530693643,-1.61414630013314,-3.95386981206684,-10.6401829518636,-5.63851512581823,-2.1243973324199,3.26044920743334,-0.940473807331728,-3.08306941566661,1.21276516340549,-7.61938024897972,-4.1508818217626,-2.41138998775568,-9.59387654460807,-7.89974308937599,-4.85471569214496,-9.86562426803721,-9.25118847954946,-7.44237874149076,-10.6354224499628,4.29161757117981,0.501962678599739,-4.76083086254221,-0.890949176759023,-7.63763086834661,-9.65366731766608,-2.08533385010014,-1.81778740143727,-4.61423356900195,-10.4233588781835,-7.02912173110508,-0.354477798511653,-1.59638500016626,-7.80539462341403,5.45520756297083,-3.18972479052172,-5.62023275637512,-6.65967358328453,-4.9596517928203,0.810236828623601,-3.17027574762324,-0.235888879534286,1.13131563124261,1.79095092888019,2.34004553279556,-3.76416755051832,-1.98075944705761
,15,1.49318746407153,6.12530237229748,1.18603717843052,5.74007317777159,1.98008757595562,4.41635634287377,10.3006946944179,18.4946412905556,7.69221501707034,13.8050060138557,27.1990847969028,1.18586468380363,2.20351881356146,0.069502726839346,3.78702783846165,6.58147977415501,11.2889816293318,7.9442330229358,8.29263503357197,5.53047250350755,6.77125886945851,0.313851300396891,8.8352290408875,13.6118633656843,10.7403791869801,2.26082638882326,1.04298025398748,3.93837082487698,2.48597899148808,4.34382489341624,2.51716885594942,0.637744815870974,4.69733147050283,2.61058751946257,0.16829133399915,1.14020834536132,0.798343268448662,-1.43199451947658,8.13750463597898,8.66000771354811,0.768005690937571,4.97027377385893,1.72540539373585,2.62459652932193,4.20274974229142,-2.82042470854503,-8.69597668226015,-1.54029233533038,0.0997947615560406,3.64875973106246,-2.6327627216815,-1.07467592063585,1.94831262781372,2.07637946415525,1.17683016099181,-0.263121134401445,-3.50118527730046,3.57956628523607,-0.253642417816081,1.3874866431288,-0.733491852472071,1.87889439359788,-1.73118995352706,-3.25962257313404,-1.62511359556447,-2.1855667241598,-3.4917841263923,-0.00323639381167595,-5.09147102832321,1.73282182148978,2.8166038002455,-0.229729734497596,1.08001568125837,-0.561393863050398,-6.43333345000974,-5.31160025081044,-2.81576942302763,-2.92809559138004,-3.64828056944589,-4.42078111598221,-7.0613281033111,-0.103334980316504,-2.1457558013426,6.0482102863316,-0.397627836187894,-0.82697053298034,-1.73464830759804,-5.7752463602028,-0.312234809284746,-1.4601858469432,1.51537678304067,4.29669827719772,8.20873230968391,6.08552051014522,-5.49773761939286,0.68872686343002
,16,7.07820735743553,12.6133508387957,5.61789494320692,-0.0851820920761384,3.58847907152449,7.50332117638209,13.988465930348,13.3277160561711,6.63845106029203,7.93242309806919,58.0199898133196,14.5878363953389,-5.86138962450241,6.81659573835532,-1.59130022174031,5.38316533251782,10.3180079088197,6.36507549400449,1.34386572640142,4.07924880334213,2.99251481839838,-2.37255595356328,9.19304500517319,10.9845813371103,4.57713760800289,0.725940894533778,0.832483580386906,1.10282132936482,0.0757076115987729,-0.747325952030224,7.61819788758839,2.80542083725777,8.16397729953314,8.44968449005319,3.89802371818405,2.87706488920594,-0.340001322883836,-2.33144606005044,8.90499983077461,8.0931725751816,1.40011263935776,0.721746271477969,-1.44522784576657,4.25657819212211,-1.67317141993226,2.6375213344927,-1.14120457962963,5.25636931571171,-2.43273087741727,5.77019569262848,6.44351479684519,-0.703170030901674,9.14302561065233,7.10114226570113,13.8305103066068,6.48967457893741,8.48868236314229,3.51662467090864,5.57703425888758,3.81644884391608,2.22660974408063,3.90644713411712,-3.12295115383131,-1.80444516002899,4.73902482194171,-7.43967982394497,-3.20791806138004,-3.55145073759559,-9.6289284763061,-0.0327480238393036,5.49129549744976,3.32470317104162,4.12168392602507,-1.78369034141542,-8.55160273551064,-3.85709903471616,-2.71542727031647,-0.743542048809104,1.52622442518714,-3.59356737147209,-1.71710864637862,-2.3431837721655,-0.943627977469077,-0.654927886424048,-0.91231525704643,2.08071668732555,-1.88212065425978,-1.16232428836429,2.11068201926992,0.968957743905776,3.94851283164735,5.0629542179031,12.1937072535966,12.1307970414418,-3.59636307784058,3.00026410935698
,17,3.5752630678453,4.26585158053513,3.84586675526407,-0.293638360709338,1.07533345109732,3.79663675994743,7.64996256042741,8.51945292901746,6.42286854916711,4.56722250447638,98.8435281548291,51.7099190345134,4.41343602559573,4.30662251907779,-2.19285277845665,7.99872360790596,26.4556971978418,17.0776585588073,6.83785225580232,0.896765961177152,0.638462829640048,2.45505751342535,14.9858505528246,22.0484417113867,3.66065300966329,2.2048955935752,-1.30800491129958,2.46344382634743,5.48429636672881,2.93856012312608,-0.192171423443142,6.23643063691088,-0.236490588546076,3.17191984539022,4.19224711024253,2.5811433354811,-6.28095121364095,3.33237350965828,14.4347303613486,12.3986408266283,1.8359274835766,1.68160890720537,-0.0735264638697117,0.311013041198748,2.04620320530921,1.90433263341947,-2.46689250427335,5.80374540637422,2.44953903148416,-0.0631226034111023,4.70040576824431,1.57614442687918,5.70539690189071,2.98009204926166,7.55695154725254,17.850067234418,1.98684789692379,3.19900369600509,4.88230820069839,-1.05512236415962,-1.12855113827572,4.30488945009711,4.98349594398496,-3.30965510221722,-2.16848843967091,-3.31387975821235,-5.58507842267136,-7.16476926950781,-3.85724624056093,-1.16093942554471,3.33688259617702,-0.527300132098389,4.26014263679645,-1.96663623199674,-8.4831444614174,-3.42403323491999,-4.32130212282209,-3.99244956063285,-1.43304764702316,-4.18594782721721,-1.59167869073826,2.71781887096768,2.49039346482823,6.1264929623303,3.41968504432953,1.07139657154767,-2.39080418426965,-8.71142932525618,2.55642243630336,2.33340683528149,3.74847373110515,3.82513647743872,26.7196612059579,25.4004725800933,-2.6155405867903,1.28012377540745
,18,2.78925814781724,8.84141738181643,3.91161685840143,1.7379561632988,1.35776170535792,3.32809475289196,5.98073989468685,9.28638440664963,1.36072132782556,5.5838903608701,173.074611592027,124.7867191617,-9.39692178281075,-0.0597253220257699,6.14771951775947,1.08631452665759,44.2249054981894,28.8890648852157,12.4156754866244,-1.11249211067297,0.892578338623935,1.61433939328435,24.0652825759225,27.7663041664155,0.673536627749854,0.937486116281434,2.17344199673971,1.98375562995352,-3.49487738715652,2.45011719140166,-0.370068823780457,4.1877315602942,1.62465422729656,10.8331533693308,13.4406388563184,9.62289229982889,-4.73549344346429,4.45651864805404,21.0323898874412,17.9459566096721,-7.12703141405655,4.01659971135814,2.54194711778837,-3.85725249725692,1.50135575224522,0.860951233054948,0.218242250837648,7.9189773787748,0.420409305075736,2.09766810429574,1.27279189909859,-0.02040860766283,0.193881091689036,-3.87287108078453,18.6208770011199,15.9207042045109,-0.560926928917979,2.36835097827134,-1.01921034515181,-8.749370687583,1.8234076107874,6.08047132794854,2.02915808592115,-1.90895302256286,2.15911834128565,-2.13459272512046,1.50048549254461,-2.95146624673725,-5.96815881446491,0.494701486739359,3.82330537005328,-2.98046254316978,1.54668599968863,-2.6646909706069,-4.95324205273755,0.247496371794114,6.25674108108888,-0.0754970347879862,-0.361409502890638,-2.76225987198177,-2.03731184886783,-3.06676105406223,5.54739992868235,6.97926319286671,-0.989565385589231,-1.03949676689444,1.66171534484783,-4.56475986898658,-0.957261129841754,2.35294972340125,-2.20513863597807,2.23667784890949,46.2150592696962,48.635514785994,-0.261133097821585,1.59566580626688
,19,-0.793431185264126,16.5453078304581,15.135435584647,9.16801061604838,0.653094719122237,0.742848650647829,3.67818576312584,11.519684416543,2.05490553841082,5.97532211223461,306.721749577985,236.218971829413,-3.99472134328244,-1.21536481041767,2.87095736563788,2.47481677187898,75.0958373868125,59.7485744644082,21.272378554544,4.35935582185448,-0.971838130399192,2.08203326374678,44.148628919218,55.7439535287331,-2.11282387608117,8.34625753094042,3.24983580861408,4.6385261312389,6.41649698678884,3.28552897010377,-0.696574832347324,0.18648568295248,-3.45475531161173,1.71878501138963,7.76320048545131,6.26400959476632,-2.26325849464592,2.00021094342446,31.0345871577665,31.7260153259685,-2.14338083301118,5.12088390553618,2.00656670075114,-1.69006158458069,-3.06604355232776,-3.30723837747973,2.72510187135958,2.71921740373,6.64979633960502,2.77667703749103,-4.69351037895285,1.06591877816754,-3.85710296268917,-3.39708475345651,37.2295378016443,51.6806188561623,-2.24978515262774,5.10787269234424,1.1019261078236,3.36288695268013,3.24325922167918,2.3978116508988,-6.85790642200118,-1.96556999031054,6.93964929108552,-3.80816059341669,-4.54276450523867,-0.903385555635396,-1.00989928898525,-1.81276701457318,-0.240416666640158,-2.86570897800812,-2.27618150176022,2.08439089308195,-0.41134274178421,2.09363375030262,-1.77066043308969,1.10371479680271,1.76819979719676,-2.0864814881761,0.0903666718641034,-1.61185044818012,-0.274344432189537,4.2178521255064,-6.55473367623563,1.92748309211129,-1.83316016409844,-3.18971875327316,-3.97727036096512,2.22318709846877,-1.75017102773018,2.942590442457,86.8922453266987,89.6011969906667,-3.77766906307806,5.72532776877597
,20,1.81499008012543,4.36674723901888,23.7649816107032,20.0365078644254,-4.68009357314986,-10.8527620547247,5.97398591785077,3.53257421576382,-6.33911368115696,-0.388931314852925,462.024197916919,391.217432698284,-10.0884454461975,1.1274790515854,-2.1840750018946,-10.3622888496566,131.216138720558,104.900288246411,35.2328550190987,1.55782239469227,-8.76479300895517,-2.27486501472504,71.7899228244605,74.5473903877137,-11.0777434038882,-1.97970114298732,-10.1365161905269,-1.55936932616714,-8.64927918714238,-13.3519220070393,-4.27505482687411,3.05887840001196,-1.13249966030162,-3.6415688408706,8.75347355563281,13.7223277368885,-2.58350317540317,-0.388599034451545,52.78671921145,56.2274474141468,1.3243915700059,0.798747155828096,3.50154558361101,1.01633158375444,-2.02082507356863,0.554181417908694,2.75931538995792,-0.406521554567007,9.04715026479607,4.1843688384397,8.22051402063335,4.99738866395091,-0.796495381029672,-2.90625514178828,72.1878358711201,79.31868374847,-1.28143858161638,8.25858609571515,3.46876059377428,8.03160389891673,8.08265090823807,1.95567414568904,5.22518287415551,2.88610432197856,7.35915020740322,3.77504597705411,1.22564652036999,2.19099811906199,-1.48408752020805,2.05768987724332,2.39802423337278,5.26975504259826,0.100991214125315,-0.159103009367755,-4.33624278698153,5.15139241261022,1.43600429687467,-2.58766174070388,1.15733046607875,0.0881882888406835,3.88929202604413,5.94629214231099,-1.79248397238916,1.23401748891229,0.28128642354568,-6.60052819587145,-2.60549627488581,-2.40913408261895,1.04429105919007,-0.20031550652493,0.0681393064942313,-1.47115508023671,158.599045068446,170.109708246702,-7.17728980768516,0.618099063929549
,21,2.16357395134764,0.656340602876298,54.8021636834555,51.4916494007812,2.33018585902937,-0.0689604730760038,9.12059409065478,9.08507641838241,4.49833992851836,5.19627479587143,643.967730434511,563.198430738872,-3.28959812237372,4.41426625655185,2.72632982965843,0.0429900620592889,243.107664437002,194.650213249473,78.2733653379573,18.9001282449353,7.4685350746895,8.23217308788117,158.915521480887,148.533936532318,13.8809230661955,6.16446327188714,11.6066409916202,5.94803611569296,0.271570675768089,2.23274954005683,6.15255122318013,7.53750624977511,5.14089091013921,0.102027278499008,20.9826179481843,24.026665176465,-0.491867410059058,-1.36601306137527,91.1268892791559,94.9345526773941,-1.02080540024326,-4.67975552571806,5.68719850854723,5.91487325566231,-8.0334850265117,-0.183183500526866,3.95290346235015,4.70609892321772,1.24043317535143,6.14234844353268,7.58647921483316,-1.51840231115057,0.353298509420711,-9.45894010172196,120.184844298035,142.571336427683,2.81536091086673,-0.223443458959082,-0.595517102379745,4.30476127775182,5.15015224969648,5.45526372693712,5.23721556937926,9.77988204383837,15.5776967550028,9.940863058182,4.29833536250953,3.9689968800576,-3.42058045360136,-2.40981706408274,-1.0697156096212,-6.49872256033996,5.42151226369788,1.02944101555659,-2.88585602489093,0.400729518931257,-0.805134097309747,-2.11638972571109,4.16676675508916,10.7245326628772,3.09006070963551,-1.23057073258497,-1.7731092291142,7.71387877907546,7.19940252288143,-1.78588140432839,1.6035534809962,3.40043363937002,7.16550528557946,2.45067979562373,1.61560703015039,4.57219438408083,274.751117443552,296.714660036094,1.33742684693971,2.02203158621614
,22,0.356126072298139,0.181438616456944,119.285497104667,110.302430591523,9.70714630530347,0.26490995246877,7.92535177372156,1.34796409616229,3.2465055361381,5.59924890456205,841.035250643826,751.43120444637,1.31339406233565,-1.10810928456885,6.98961020149,5.43555819820995,406.844461198026,340.833031938375,149.524584208775,29.8814150505041,5.73008239188584,10.0491358155441,279.42638966861,262.292585202997,3.85551322057472,7.91852341992308,-0.268562395904155,7.4117431968225,-0.167754816779052,7.01679861689627,3.12205924273803,13.1100386997423,-0.0790578942160209,5.81149781933345,34.6295119384722,35.5487561065202,-1.37142949761255,2.35878996170322,151.710356365042,158.586032987816,3.85925648022021,5.29310840764083,5.2845845601114,4.66397492159194,-0.668511590101843,4.67280035826479,7.42701903713169,0.808417177342562,2.16726702425331,0.775474756226686,-2.15187683841577,0.932566585461245,-3.15810577031698,-9.05457556626607,215.846138192173,257.458049272166,-2.05916222183259,-2.45722702710373,-3.14625784434611,0.015627433118425,6.74146921336614,6.38066881335908,3.53066205152027,6.63040047257346,23.7246458961781,23.7032804203118,-0.243088899975191,3.38011243472283,0.607041637205839,1.41369315160955,4.90988776695121,4.30488364053781,2.47538703002829,-2.01025160076279,0.127146249378711,-3.28375072967356,4.5972237037995,3.94896327433071,0.615614392404495,-5.89643843055637,0.553339445783422,0.499623139805408,-4.06325800894956,-1.41705077080587,4.4528947776671,1.45620735134253,1.5193662983238,1.84153053186492,-1.97079479580134,1.1459454914293,-1.74222628076404,-0.0539988306263695,420.650117008941,453.982046414205,-8.15512496112933,-4.47501088740501
,23,7.03021153642658,-0.176537147278395,221.784227769028,206.16336308278,18.7500830681784,6.27354526291128,5.02350230526736,7.85716509307713,1.5223201526851,-3.12212222488688,1034.8627255858,937.658188406419,-1.77462069142712,0.156206779165586,4.45074378726713,0.533973602453443,593.819054777495,507.321281379619,279.769000468927,62.2617280543836,10.7598573713694,8.39246070364788,449.289000178613,419.266431205642,1.20022738644366,-0.985387297248963,5.67095287785014,8.29975599967111,1.56511007203335,-3.64598924644451,9.28051909045098,25.3051171529987,-6.45757956235866,-6.46745563355944,67.4166309460779,61.36367023608,2.75364698680823,0.311736601213852,274.810453102043,285.301465328822,-0.0243082322194823,1.86351227568412,10.1288566183757,8.43263650876725,-6.18285789292713,-0.319677661658716,17.0021532062747,7.84223133887463,0.203281986867296,-1.67602080003599,1.47707616604202,3.35095265909695,6.394481634361,-6.72143578041687,372.740690642088,403.716565995382,0.39813197503463,5.63145522658851,4.80483914815522,6.05105703285153,11.2809593824604,11.9568263892652,11.3364632399625,-3.19543645719932,40.8379856407719,31.8476081105964,9.56155941521502,9.44473710443162,-4.8439551489173,0.690897551152375,2.11682594400918,5.55999451839125,3.82505931093692,5.28068895154684,-8.58403781663128,0.688355755964949,1.01980060152528,6.22183093061903,2.90911767137004,-1.36195682540801,-1.59595503947457,0.20153776821644,-0.611487660220519,4.5756257087105,-0.34614384829365,-2.66319647001001,0.186924877763886,3.26191268953153,0.717999865976708,0.824508933144898,2.08626863372501,2.9519029927369,598.51138489548,645.580879344583,-2.65808961117,-0.18211655731011
,24,6.45046607353106,-1.07954703959876,370.896964299477,355.686607908704,47.9703968288486,21.3581389600959,-0.178645039643015,-1.55690907660664,6.313020319918,7.1159553194957,1215.2518933216,1111.91345273705,5.20438586350429,-1.90035312789769,1.82232037969698,3.67073063856697,800.518767973107,696.950929646371,429.568515437283,127.754647405764,17.338862964878,19.0624437136876,642.433982164493,595.480795910107,1.62156521647557,7.64443650099747,18.3751800680002,20.7462491214428,10.2173157364487,6.95495944984032,26.514600111801,42.3086616321416,6.78871923868064,-2.63526368444218,135.869733799105,133.830009686761,4.56437499330968,2.47715997097293,422.269590060338,440.732821199372,5.19801632320559,8.31514389238691,26.5780577818023,26.2108802718831,-1.49240430278041,4.56793154961633,17.8717692470545,13.4280019197486,1.8130913969926,3.98343620690503,4.39194778971432,8.58615666812511,8.67513993001558,-5.99336292876797,550.617572037633,593.001704266577,2.98273975164011,7.21748564424706,1.35752118428536,5.51694773848249,17.7616654129015,19.5812306753123,8.39175125432484,8.27188510374617,74.1223704006206,74.8431403845952,17.4142999846026,12.7629645310826,0.0639478535340459,4.30617654110756,-2.40762381844797,3.20949364052649,7.97938864870775,4.75427616114939,3.52384587760935,2.67636929281434,6.27653178116088,-3.3087796309128,9.77334081362551,4.06953048027299,-0.254505622540819,3.34474098535429,3.8323409097502,3.78598564555432,4.61767882810273,5.75875484846256,2.92438980801853,4.31593122241975,4.51945828686712,4.80997890800245,2.12567189384663,3.69137572241107,789.279983038931,850.934749459262,3.03395566088693,1.31278074566853
,25,4.12343439081815,-4.5125933370291,541.318060583052,523.923927519598,80.4449377144228,54.6568192299283,0.0230250427412102,1.33482332358562,4.06070707732761,3.43157884652555,1380.88503089025,1271.97654824322,-0.477181404450675,-1.28032321581122,8.65030397785267,4.15847475353803,1014.23578676211,896.596493436693,605.694400900506,230.50202254338,27.070492546628,24.7721478260864,858.23296265662,794.428639568584,5.87630712347891,5.1908452962216,27.2304692564048,28.9532128161845,4.9600234212503,1.45863237296908,56.1313079506472,79.5288703763199,2.83391806155305,5.3999697474901,239.016387225933,217.397202893124,8.2778857277408,0.547631833398555,604.152317482751,632.502853342174,4.24979493554383,6.08369015550306,45.295909191731,43.0284760745599,-1.4835028803991,1.13547322116028,33.9924727773887,28.973121565532,2.90302511148184,1.53608196768801,3.2488696772034,9.24825317508657,4.75978525930259,5.9432320706328,747.305814443698,799.428848147988,4.85713496279459,0.840384276809345,9.30150431510447,-1.72580470296998,32.681585266695,29.7077584665294,7.22924036346012,5.91070101811601,129.150292469269,126.201170203853,21.0827676245772,21.2327065801092,2.37280778880631,2.24301546426977,1.45156083078473,-1.28558461743705,1.68060327411149,-1.41071618466231,-5.0826545908385,8.73260739351826,7.91079572896524,-0.246507291790294,4.34814738715704,4.56193672304562,-3.09344836833407,0.349601299341884,-3.91754082645639,1.4714015428508,7.68842314823632,-3.43640003696964,8.16406556828952,5.70330754180941,2.35398992376304,1.18454938786999,7.48549168381851,5.26621355571388,978.633342158302,1058.62431734278,-0.0680809740242694,3.95901476886138
,26,-1.13580133660616,-1.89690350242199,730.35155265456,709.005690087414,149.879844194094,110.361130748735,5.74549671626392,-0.489714765278222,4.07774276477357,-2.10187859952475,1529.01832993183,1411.82374338108,-3.80658167580987,0.993258660346328,6.15591698395474,7.52172576020712,1216.20422504065,1093.93937951695,791.097861412391,397.688648528038,43.772987423773,46.7788308060371,1077.90530786339,993.769431928083,-2.89807531114457,2.65161241015267,52.6645390315498,51.5315994245866,0.701454376170659,2.005292888658,113.142760049888,134.961410811859,2.15848728185483,7.42270280117191,412.302905041849,376.240733642264,6.22943726591802,2.48238802361448,803.4672126151,841.910482859585,11.3559607456009,13.4355168764996,81.2757783809211,85.7394394484436,1.52651633833375,1.24168647668921,62.9808297754207,43.8029997791691,-0.748128764937064,4.85582568587597,5.2370556852602,7.66164154326179,2.71479502351758,-6.08321545902436,949.424238541865,1007.34421696448,6.21190809286418,4.41149605304054,6.48008757123353,7.36092091234241,44.163508311789,48.494640998033,15.3118910828853,7.70651894350885,224.124553335969,221.942846803124,35.4217486067428,41.0595339114898,-2.14570771277067,3.91806474358418,0.520332517597126,3.94823198557424,3.88212716773523,7.33339587484625,3.31215675276144,10.5409050623402,3.97649057766557,4.51413031346692,11.1717945036962,17.2571982718109,8.96093900740379,11.7484247762968,6.68061126475732,8.31884153645842,2.57314823390334,1.84061509819549,13.1984220587601,19.7602217269068,2.09640301679792,6.03579378744507,6.97952456612529,5.87008110067109,1158.64270111424,1255.49240082291,2.95069986958697,8.13977630791123
,27,10.0737824283133,-4.4514993161838,931.21625597638,903.67773100607,276.986500009116,198.049020875684,-1.89867344282629,-7.15453276924291,-1.43398306501058,-1.46380598465657,1660.3234648575,1539.13521573315,-0.436592612546519,1.67474250158921,16.609697036869,10.9038493592016,1405.20601162935,1281.26410516506,979.547170961075,589.40114985967,77.2604104497041,74.6571274743683,1291.98618352084,1192.25347930982,1.05685659646224,6.90195079862315,97.1362357762646,94.0226144173739,-0.876144595998994,-1.71448544503437,205.350312344066,238.038710609491,-1.02098489445416,0.613762117580336,614.382578503884,558.50154509743,2.89756664777633,4.34697480253635,1012.0002387187,1056.21534172274,8.60357794547963,13.5979583169974,141.026903072858,153.289855062809,-5.29930305225753,1.18448147128947,101.54071829225,82.2311771920522,1.05758677241101,-0.962873119271535,-6.19745143200453,-6.41272404733536,-4.82869708734506,3.05448974732099,1144.58323830394,1205.60635104342,1.15030644709805,-8.44843708781264,11.4751667085966,12.1515976583523,74.6528056336629,82.0440458247249,26.1661887790451,11.9248885775123,370.597440192107,371.620909896687,62.8490468663385,67.0759293342835,-4.97860509437487,1.77668346824066,0.889912576774805,2.6646362306401,-0.553418267472807,2.38233368583678,-3.84867590225986,3.52481006636481,3.31380248219375,-0.544134029285487,20.4940343787548,12.1773924959307,1.82470346122318,5.91376247334483,0.725149211471944,2.92983362218365,7.47515299759652,2.04728378967957,18.6086957573534,21.921109581257,3.13997091423244,-0.981544520354873,13.830538562248,15.4741957951173,1327.63683431635,1444.51600365338,6.29286766647238,6.05654720262373
,28,30.1788293792433,17.1146747697385,1117.55002307506,1088.47692829911,430.335752233756,348.235441731689,-0.505005175316001,10.0892337983723,5.4818306654779,1.68674096261748,1768.07158834753,1643.27366366681,2.65772653819477,4.13628177776445,25.5890459486563,25.4479872914817,1576.25154096942,1451.20470165104,1157.80602374373,807.767562816382,135.756498458102,136.518894691527,1489.89009069239,1372.80927432104,6.06121752518993,4.70823250594367,172.994410684267,175.331874693018,14.0729895918412,1.73065537245202,358.48592349894,373.292308905568,3.75303374759824,0.941806729462769,850.015129307586,768.228426288368,10.3824633102377,5.13493984411434,1211.78934375236,1264.74877794514,28.425998109331,33.9074255373562,259.695701339588,284.841877819517,0.871554388551886,2.05446118444706,184.567023924448,156.644969947509,2.64017376991251,5.16507455088322,3.09390480102047,7.18309030949786,-0.50324032217577,11.110127377402,1329.54513544821,1390.19531960059,3.74333203236893,2.78578135260614,18.7217364049702,15.3557559734945,144.76987964109,149.198451390414,47.5342220741095,34.0195254807222,540.053286536029,538.084849194021,113.940837815306,118.961222490176,9.87338841873679,6.81929277165,6.62663226362201,2.21870476850927,2.52981971946429,1.79722629553544,-0.0113649215818441,14.675871130572,9.59929329791157,0.220367900915335,46.4784363581202,31.0214267200145,6.71290505945763,6.3073790580529,6.81869405334146,4.73820804810748,15.154230957005,8.74958418477399,42.2438237227834,45.4557766217313,9.54613167879324,0.339419712734525,32.8336311624571,35.4012250759597,1476.22677349628,1609.58619685928,2.24321732613498,7.5268872386805
,29,48.089666112508,39.6250393632772,1291.34945424416,1261.1533469031,612.215044566842,506.704551175784,-3.83196875776503,-5.16592259505342,-5.91153283201857,-4.09574503649037,1855.53957523087,1726.47279714806,3.69848436563007,5.53867271608942,48.8943596046429,39.1233367436562,1724.12355056386,1598.43294678983,1320.35870626261,1036.10959135643,248.835237707859,232.579403438494,1669.35371749243,1538.3151517351,0.144178304133675,4.60161263063128,326.116578400134,317.354771037931,0.919642017905062,-1.69387576193003,529.709891012636,542.456151470591,6.71083845471549,4.68886498363827,1100.40973401122,994.163131286917,13.4367543052376,6.78686741926504,1402.0913552162,1458.98430916316,51.6724334499322,63.1660072179402,400.854722999266,443.130009505317,-2.27188944899535,0.866293994089574,323.502134739522,287.015862583812,2.61785206716559,3.09447987394196,3.08847914183207,2.78784601519874,-0.566720153477945,-0.909284249126358,1497.66861445402,1561.79364139467,2.81867063754726,-0.817544491372246,41.2405566657089,28.4578466470011,241.848089968073,279.459103222216,75.0755797342772,68.7721295944284,734.094837563686,726.347786748876,199.817588928714,200.495224634436,0.0174637535674265,-3.24531966195354,7.44777966441325,3.47673656469124,1.12059298859822,2.92534114119007,-3.31310172232952,15.7000725553771,16.1473138305264,10.4426825515475,78.4356092905418,74.3702609500106,16.2736839699228,8.99296497448086,5.16249492696988,-1.83036958225784,16.7954695728022,12.1514967588955,82.4644989257013,75.5999546464409,6.20064171279591,4.89310655426743,68.1499377596156,66.7544297757131,1603.85047658971,1756.8139195269,0.598146350661409,0.208235884996611
,30,97.4208006751742,68.0131126341394,1438.6437468,1414.10802698531,806.604761437335,681.192906799995,-6.64194650273112,-11.7653913907125,-4.39574219579754,-8.70865296031661,1923.59885511501,1793.00086278477,4.66884012173068,3.08547873594216,86.9711456810292,70.2532952278398,1844.90494342224,1724.59917308533,1462.30295710244,1261.53745572214,386.208133559764,386.810015332809,1824.8083058894,1682.48821947146,3.57089981692479,1.41982957457185,493.4636634881,479.007758342774,4.89863583008082,3.79188290287675,718.879753209015,732.931551492874,1.20910782528335,1.30300920647642,1348.80653679334,1219.10722731947,10.7164582325204,7.97964484434851,1572.79195145863,1636.47806970406,99.4603378999182,102.783059151539,570.606558233718,635.332790608996,3.14585414096837,1.26377754570058,492.662443872676,441.492965750394,4.45116027829681,4.29178512761246,10.2393649356654,2.22729012548007,2.47369719468952,11.9778620386533,1642.73474642546,1705.81611337817,5.71243025046169,0.828885560409617,71.5002188917861,54.135803054005,401.389942252221,442.640556652301,130.165226721021,124.042078589096,931.287399956705,918.556763262592,344.67343431998,336.710987941226,6.09911993779497,2.88727733316773,14.0801357715609,16.6681240710041,3.29767271091259,2.98153670369175,16.5468666980651,31.4362708642893,33.0908597246735,7.9600589924712,134.188407747699,125.612639448662,22.2261620725731,31.0592297105795,5.52577692557497,11.2207257754744,36.0037895719288,17.2446579988737,152.497830350832,142.721234621584,7.46242796120987,1.9762852069307,138.30030621124,132.01604583974,1708.73895098875,1876.19449949827,3.59941385700586,2.19141567814131
,31,170.619062487041,141.674136123463,1572.44730991152,1545.05080813974,1001.99454010087,860.414930277535,-3.78271780479827,-2.66933013071775,1.13515105933129,1.74744229296812,1980.50938101173,1843.52027061389,-1.3340843814949,2.48404040107744,153.776753710239,134.629873919885,1940.3595221424,1826.97437903711,1583.11203197876,1473.77287922415,550.821898243885,558.077089725649,1960.54254767556,1809.74118983545,1.11993290946884,7.73168375051682,687.608214475436,672.722157895705,-5.04214467244492,5.14346161489448,914.312291337546,922.626574820241,4.19043792415505,-1.34132319989294,1585.39466307744,1429.44796796135,14.0357321571137,10.0601088828607,1723.20478598829,1789.37780557941,177.923515672937,176.690329884343,754.47194637105,840.517934035327,-3.87009317672528,3.22134561054918,702.561987053109,624.439636729196,4.6291024583461,7.26196212389004,6.09414024228681,3.68404069205644,-3.21967400814174,4.50458904942388,1763.33804732139,1830.59034001637,3.98934505452962,4.7992721957562,129.52912660097,106.570013394083,584.187536089055,647.535180142422,231.96937665322,220.182161737146,1128.23177472271,1107.37124674811,508.188984529839,490.119708657359,7.03568267884475,10.9660891428593,20.083268276283,19.2062123289306,0.621296261784664,5.02674964321159,4.01858551778787,39.3594672979161,46.2046634033977,18.2031148983733,241.383994488624,215.840761168334,43.6980528345848,58.0464737138536,8.71352758309149,-0.868177249480141,61.1256110375634,35.6383324156322,275.657608978874,255.554039112045,8.79485933236901,11.1979344657248,245.542227447759,225.381726266352,1795.59895322824,1976.16523062009,2.92575315923568,-0.641163323119144
,32,321.167933828847,259.698624512492,1685.55514704643,1655.29366754044,1190.41068171813,1039.91186741739,-3.75108358244324,-4.22570056315817,4.14347573677514,-0.707875739847623,2023.87007691613,1889.0939989492,1.81319416557926,0.610182052196251,279.580920382273,230.819455674718,2035.51361074897,1912.48618282463,1683.98495045455,1672.2124224878,734.558138118237,746.563269205256,2075.91440614297,1917.65210162501,1.13072051537711,3.89728774121431,891.350474972646,878.1051864618,-6.06067908929072,-1.38453598560591,1106.71426287714,1111.12182995735,1.08030506924115,0.376814574923628,1801.79468134305,1627.03380102857,16.1845071215048,20.262346362686,1850.16717147104,1921.93787996007,312.862429466288,301.093207779085,944.364432370964,1055.21990181139,-0.7556708597549,-1.25066516676634,932.002199678279,830.586453982041,11.6575572365673,23.1218857459644,7.56484845363048,5.03215834378716,4.90786828315504,10.1047552540585,1863.1278812808,1928.1798003371,11.4943541798984,9.90685245016721,228.096402407367,201.567357623833,792.414081551424,879.207792318775,387.021216013844,378.77969441725,1312.71132534888,1284.52929520696,693.522192061804,665.035869821223,4.62197978053882,4.04502771228363,33.1238089367762,36.7467055428533,-0.0119138055615622,5.46536011243734,4.00051056266057,67.5433820527378,85.9038432543384,34.1204017557002,371.510965550202,359.206531206471,72.583332181277,106.017165653913,3.0023971881219,-2.52171366344555,116.029566585305,64.1083525508893,425.97825319853,400.401654885591,13.9988337372015,5.97674295247634,398.422935079428,376.69621498011,1863.03340511564,2053.97814846394,-3.18454675988141,5.29186278245743
,33,493.84786515022,426.237401841652,1776.45471047154,1743.75798660554,1365.38338273564,1201.94490850248,-0.102054356602821,2.5190259762112,9.7521711034542,4.68350830031341,2058.67989246798,1915.95376761973,3.8971251010189,11.1143920702652,432.155709429581,394.568360633166,2115.01101611826,1974.34821002993,1765.26279507298,1849.7753890161,919.64789041618,939.734030211671,2169.81976231642,2002.62795418742,6.54771398687262,0.0401810548682988,1102.01316318384,1091.73270675493,4.25038145627695,4.94159740936811,1284.72453236171,1289.18059257587,3.33288852294208,8.10780936733499,1994.39059122703,1803.31707319291,35.5590727370745,35.7153882045022,1953.2113629771,2031.09744208689,468.819169334455,446.222990411082,1126.66761335372,1260.99256682712,-3.66036295885897,10.1548310114304,1168.76704415951,1040.28121989733,16.2220665350978,28.9585976537892,11.7488474518796,14.2536033572142,5.42911662294682,6.48334163135587,1947.82332097155,2013.70402806258,21.8387776786312,9.86210357776326,403.898762028597,345.208462897079,1009.07409614738,1120.75416851202,569.269622353169,564.53353402895,1481.98883079834,1443.09806570174,889.510608309234,851.451171437811,6.74886870486444,14.0820799227695,67.1412545290568,66.6901657254675,5.7625491722938,3.77402391477699,6.78853264521786,133.810125364578,152.227830069531,54.2970349460911,527.683999950453,514.542349500994,144.207938746793,198.473066329881,8.30285505454958,-8.87785586820428,203.991661993659,120.555848424181,608.877157454082,580.41872413031,20.1612666919264,22.0196810188481,566.652130174796,542.693896554982,1919.54458624527,2115.16637015816,2.40432471300119,-3.4626257964328
,34,689.97788842287,606.628464214432,1838.71460203516,1814.98246282769,1521.9954917538,1348.18536094782,4.64910780956416,-4.6850298654399,23.8425345863579,19.058709714529,2087.76241886479,1940.82733344811,5.46403300280872,8.92331600462785,616.678472227106,570.680354760882,2180.48891325878,2022.94830333126,1828.34463767968,2001.37734511154,1099.77304810193,1127.06871123458,2244.44387600898,2070.82235399592,11.0159079030236,3.49675808786196,1302.57646555157,1294.09340195016,8.43902345252718,10.3656663620495,1449.92985452355,1459.78362069336,5.82585604337692,2.03192206956737,2161.97251719098,1960.55869162874,48.8347890650748,57.6265236425061,2036.1387507081,2116.13116360242,649.389885898412,613.559385579825,1299.4204726686,1456.38164770938,2.99042603567432,7.32456647187246,1396.14997709225,1249.54241887624,45.4323245493288,68.1898009541801,20.6387915719224,22.011450132657,2.83677852757137,13.4765327846217,2014.28497689677,2079.47942910113,43.5730210782549,50.729998348279,604.577114392568,511.133980710158,1224.18469359002,1358.27105212379,781.702985733211,777.55193010473,1632.62434716448,1585.24832347199,1084.3064421511,1035.85570827635,17.9457861873379,23.8226829050691,125.273496421838,132.133664464172,4.4223775613591,6.9644352505893,27.1278374578033,237.990372215369,262.018810953873,97.4790371649497,696.022472282194,687.495490044045,250.819700372243,344.751490435105,22.0431968808516,6.65616310234145,353.641017728701,211.029500768773,827.331432736216,780.280387551114,30.7955468880073,43.1590144022375,752.694171932537,723.115428480448,1962.88424517467,2163.21486090298,2.97126039573777,5.56050199628044
,35,898.206237420987,797.594314841958,1882.81163051222,1863.71005442618,1655.53817091941,1471.7887371141,7.36045716018998,-0.897489008360026,48.0300293003065,45.2911541303429,2112.13186586697,1957.86308971974,2.36878333227833,21.2700591528974,815.394269306254,760.909126758007,2214.1628177631,2059.03223803097,1872.92634911804,2127.84597125381,1262.50071199691,1296.76423736609,2295.16497978114,2122.51557380677,13.9132453270395,4.27624979214488,1493.12724903498,1479.59994105831,22.8731667538323,32.7890564363206,1587.02609142625,1601.42601757275,16.5644928434722,7.26334677873456,2301.86507621212,2090.09606662346,81.4694224355462,102.315579881495,2097.36844886736,2180.54208175992,839.744845464113,786.778223377314,1450.03048480313,1626.25216870115,9.3143764944416,10.9032669978278,1605.70172497614,1436.77172885368,79.6665738452139,123.635679546744,41.5159702287947,37.8135424138,8.80830530782441,14.1601608531,2062.7809176541,2127.61847594565,67.1180125539049,89.4378033649373,833.371845862376,702.525755303293,1425.15159775669,1577.05193669979,999.331318298119,996.363815483841,1761.54895441772,1702.79890444235,1264.07948554942,1206.3618144221,23.8991286048986,43.5484455670357,219.938601974238,240.406285772748,6.02496101527322,7.25535268472595,21.3572708622414,385.141954483384,379.331064523437,176.450479555947,863.94925127741,853.968185569658,407.576835964688,505.172305135141,31.8732210228372,19.7590711750545,524.181653392032,367.88270224411,1052.28798986959,981.040569492614,46.3999692131647,70.5944500605656,936.832843471206,904.125885939534,1994.8184206378,2197.73281145142,5.38816116288945,0.996318598279686
,36,1104.6866616438,992.944444969122,1918.44945726842,1901.66066692925,1768.31915484515,1576.59517704491,6.64793510024083,7.12296678010807,88.4472469440698,82.8510527429744,2135.59056045881,1978.39518372068,0.696477813635283,36.1868122777505,1017.64458166071,948.932669140455,2243.13607125653,2089.28564136417,1906.26850485577,2227.66531151847,1409.25974852446,1452.1140044766,2337.32477385048,2162.21128559867,24.149462558611,1.10791282788523,1657.47452840856,1642.91628138654,28.6652383953515,39.3395242464358,1706.30695496073,1721.91138833104,25.3386872509163,7.39533844760626,2419.61877921006,2196.84958645629,134.453649052573,177.102649643411,2145.30628699139,2229.23008087402,1029.20077198428,956.762154044479,1585.81123187322,1776.10480058865,3.44515095019597,16.6035323191827,1795.85770478863,1612.15596477304,145.53078819976,214.320509437337,71.178689260074,56.6870980326403,-2.17819087588214,12.6724938056377,2102.45995985275,2165.86121078985,115.612345919089,145.57748797864,1075.72090365133,904.203101919328,1609.82878668849,1775.60848141301,1214.42692101224,1217.59116866619,1872.83079481917,1803.60820891471,1431.43506135358,1363.35693899358,19.5761875073567,70.2290270703506,379.959036027817,401.191743260372,3.24401235617916,9.79601571332205,31.2980511515088,552.540510078898,510.414241414875,295.144361126442,1029.51731783403,1016.44131399416,583.627262505074,686.298651346472,49.9377618937724,23.7752546214779,720.919143625436,541.213826048048,1270.16559135012,1177.34740575852,85.9718343286722,131.794699977268,1114.06185044472,1082.46706195544,2023.30021288938,2228.56365019325,-7.17131442659593,5.92938289552967
,37,1304.66300823154,1174.92979651399,1953.95413815215,1928.91745454729,1856.31495460586,1657.997585134,34.041775867172,39.1776770268661,162.788003474656,168.129218703556,2156.93744726582,1994.67059257857,6.41451523479191,71.2762044370302,1212.21553854063,1136.06317401912,2270.43268742025,2118.2012989819,1935.7720396455,2310.76456199961,1535.01556686891,1584.73585865943,2373.34089218151,2196.8904791576,55.5158213855921,-4.66986658275346,1800.96797986545,1783.44971463693,60.8497300591207,82.7168067462353,1802.50123681632,1814.57119215632,47.3300522424252,32.3508428438308,2508.51523855169,2280.04167765146,243.501388017177,310.433932467839,2184.63139799752,2270.44387265923,1209.44976998284,1117.84993258836,1701.11170410925,1902.80361065814,3.5545581751594,29.0488390034479,1966.03854381315,1764.58515853287,267.570441776802,371.674911415245,127.592543430717,113.508425195201,-1.14083261346968,35.1380985949891,2134.70751771076,2201.40721846332,216.480301019867,294.378089611613,1319.22399565745,1105.90161562553,1770.57433867303,1946.1845897976,1415.21194223899,1425.29422820434,1961.12080702096,1882.99586886475,1580.21281886936,1501.77473045608,43.4519646327244,128.61953114469,565.261151968406,585.054562035265,34.6476538857387,32.1261419048915,71.9527813315053,744.524267233911,648.561682377193,436.439084695028,1183.67395333229,1166.16761167609,777.103100366639,879.000771555325,92.2342807284767,61.8625127145515,928.602688657379,732.707639630335,1461.30479187418,1360.74265520543,135.558828234307,234.778687896462,1276.89469321134,1251.75769732513,2051.5064315908,2257.7362406873,-0.46479829126838,15.3644482071868
,38,1490.59531476116,1341.76221830919,1983.93512698494,1956.87699652706,1929.40301981003,1726.5326665551,79.8145831590537,86.0117337737265,296.171987182509,296.456837836264,2179.32845295561,2008.72436736331,7.90239107131674,130.397841801854,1393.07568974938,1307.340301944,2297.64872990831,2144.84184150982,1964.22583596777,2374.17686694956,1645.09552440195,1699.71175627764,2407.01953308885,2226.91171525897,113.16728860156,4.94942473512492,1914.34544002196,1901.90061964984,126.389342400733,147.266618962289,1882.58606193915,1892.85733343518,95.5528831595311,59.1682695724267,2582.73374232914,2347.10736219399,375.894657979752,464.714534907205,2221.82873110322,2305.95550281434,1371.68996595149,1268.70007558012,1796.84802495893,2008.70184136437,10.788005232871,61.0032139638151,2111.7489104616,1899.15797399072,414.793743613557,551.882142690181,230.860234255591,207.674653327202,3.27876784100408,56.1343020221611,2164.96946805997,2237.22404728885,370.054013887913,474.656415583229,1558.08454713175,1303.18284826819,1911.55736115308,2097.75515326669,1603.1021829344,1621.68825303091,2034.74937513801,1948.53119469964,1715.54500900436,1628.05419503324,71.5723095761368,227.061488334281,780.816054366889,795.760793971685,46.7874529776236,60.733895123145,141.933458635282,944.623980858025,787.687002928185,601.74658091054,1324.95490894442,1309.57404620414,979.701004548845,1070.69624100703,182.498911352322,149.16822201614,1135.18544312117,933.106432233821,1633.18794525737,1527.55947351696,246.347532407432,384.515205108889,1426.60631142374,1406.34936195886,2083.21788143553,2289.58546970672,6.49226227081817,33.986513604068
,39,1653.12881477144,1487.21017278463,2009.67316403234,1981.49263599054,1986.69026867926,1779.65589149924,149.339891510992,164.11652281016,447.693854930182,447.209077067577,2199.34763809261,2023.78175420329,11.6968957861336,225.392955888503,1554.26095942672,1463.20664472578,2320.13404977303,2170.32085364336,1989.21693220046,2426.51702398598,1731.67792879591,1789.05681174137,2435.80061936372,2256.58530060617,207.78209542715,7.29410873587767,2007.21371159479,1995.91849706662,219.695188999212,266.304484589501,1940.23078738102,1949.48097513426,176.868978019165,124.932839372428,2638.36440644602,2396.15757178982,537.196118360254,639.92317061543,2254.22617857051,2339.2295818974,1519.31097089075,1402.30853983717,1870.12499178768,2091.78697286615,4.42063976877034,103.167801077037,2235.23949359003,2014.47552516509,593.680888300801,756.957662479461,400.343635799657,353.000447376299,0.448910113505917,96.0370873494903,2193.17724660646,2266.84164635142,548.083104980803,688.266076618337,1776.79921780876,1484.63634202991,2028.71184515069,2220.34242152572,1766.35591876996,1788.25613648993,2092.92998149538,1999.70225518342,1828.3505766528,1732.34218569722,139.242803811921,387.520042601909,1004.52609122337,1006.75660323446,103.3000488425,109.955001564449,248.944363735865,1142.62554185209,914.910219645314,773.410727103558,1448.30459713337,1435.87383658198,1172.1204252019,1249.72552967927,326.277976350601,261.920479003256,1331.93159848504,1127.07222983789,1784.32115554343,1672.09399651143,378.020702257838,549.263764796719,1555.24619239485,1538.22069002351,2108.30014871437,2318.62974165184,15.9265473219893,61.2922768284025
,40,1795.70062915043,1621.36236167523,2033.57076474589,2009.13405195201,2038.64207100478,1826.2152070908,262.234795140581,291.153574901413,617.353606717676,620.385936397496,2218.56892072187,2043.79412144378,9.35901335695416,375.619213158878,1701.80786694756,1599.72258615781,2338.40600258168,2190.51111075951,2008.93710004593,2471.09051112352,1803.16876567218,1863.19572845818,2462.00643734246,2281.94247377526,335.455035416822,-6.83343696586235,2078.67038342099,2073.17605072197,357.245065677949,396.305267478763,1982.72271159383,1993.51174780921,302.506384258802,225.81423010716,2688.38664695479,2435.2729301353,714.35016050229,822.386766897236,2281.92706557016,2373.64087978358,1657.02452965569,1522.85686255298,1928.13312205379,2158.97555686902,4.88639286200851,191.792775386621,2343.28217359035,2121.2659384743,788.068071580088,974.432089130863,577.618983669607,515.013691497204,5.11665464915313,170.40501491545,2227.89895888699,2294.57835185216,750.567574298537,913.719660766341,1981.5988211569,1656.5376664573,2131.2771574937,2326.81337917717,1913.76261132025,1940.82939049632,2144.43332360753,2045.23290867972,1927.88253103091,1825.9695583482,229.316329708015,562.97129913507,1231.8915276269,1218.27048427263,185.333152351137,191.048686541097,413.86193561149,1334.1907219841,1029.69731443245,941.307052257935,1563.57899602233,1548.16697245892,1356.22924195257,1416.84856340047,490.465009783122,423.878047316743,1520.54577325691,1312.92026499279,1916.13844459969,1799.99104912249,530.578337785522,729.024366959951,1667.83647656773,1654.01228323264,2130.87051049036,2345.58082229475,14.9286677914388,128.959091395192
